indid,site,agegrp9,sex,hhid,smokecignow1,bmicat,index,sars,sus,ixesarsvarf1
J008-001,Klerksdorp,18-34,Female,J008,No,Obese,Index,Positive,Self Index,Self Index
J008-002,Klerksdorp,35-59,Male,J008,Yes,Overweight,Contact,Negative,Susceptible,non-Alpha/Beta/Delta
J008-004,Klerksdorp,<5,Male,J008,No,Normal weight,Contact,Positive,Susceptible,non-Alpha/Beta/Delta
J008-005,Klerksdorp,5-12,Female,J008,No,Normal weight,Contact,Positive,Susceptible,non-Alpha/Beta/Delta
J008-006,Klerksdorp,13-17,Female,J008,No,Normal weight,Contact,Positive,Susceptible,non-Alpha/Beta/Delta
J008-007,Klerksdorp,18-34,Female,J008,No,Normal weight,Contact,Negative,Susceptible,non-Alpha/Beta/Delta
J009-001,Klerksdorp,35-59,Female,J009,No,Obese,Index,Positive,Self Index,Self Index
J009-002,Klerksdorp,>=60,Male,J009,No,Normal weight,Contact,Positive,Susceptible,non-Alpha/Beta/Delta
J010-001,Klerksdorp,18-34,Male,J010,Yes,Normal weight,Index,Positive,Self Index,Self Index
J010-002,Klerksdorp,>=60,Female,J010,No,Normal weight,Contact,Negative,Susceptible,Variant Unknown
J010-003,Klerksdorp,18-34,Female,J010,No,Overweight,Contact,Negative,Susceptible,Variant Unknown
J020-001,Klerksdorp,18-34,Male,J020,No,Normal weight,Index,Positive,Self Index,Self Index
J020-002,Klerksdorp,>=60,Female,J020,Yes,Obese,Contact,Positive,Susceptible,Beta
J020-003,Klerksdorp,>=60,Male,J020,Yes,Normal weight,Contact,Negative,Susceptible,Beta
J020-006,Klerksdorp,5-12,Male,J020,No,Overweight,Contact,Negative,Susceptible,Beta
J020-007,Klerksdorp,13-17,Male,J020,No,Normal weight,Contact,Positive,Susceptible,Beta
J021-001,Klerksdorp,35-59,Female,J021,Unknown,Unknown,Index,Positive,Self Index,Self Index
J021-002,Klerksdorp,18-34,Female,J021,Unknown,Unknown,Contact,Negative,Susceptible,Beta
J021-003,Klerksdorp,<5,Male,J021,No,Unknown,Contact,Negative,Susceptible,Beta
J022-001,Klerksdorp,35-59,Male,J022,No,Overweight,Index,Positive,Self Index,Self Index
J022-003,Klerksdorp,5-12,Female,J022,No,Normal weight,Contact,Negative,Susceptible,Beta
J022-004,Klerksdorp,13-17,Male,J022,No,Normal weight,Contact,Negative,Susceptible,Beta
J023-001,Klerksdorp,18-34,Male,J023,No,Obese,Index,Positive,Self Index,Self Index
J023-002,Klerksdorp,>=60,Female,J023,No,Obese,Contact,Negative,Susceptible,Beta
J023-004,Klerksdorp,18-34,Male,J023,No,Normal weight,Contact,Negative,Susceptible,Beta
J023-005,Klerksdorp,18-34,Male,J023,No,Normal weight,Contact,Negative,Susceptible,Beta
J023-006,Klerksdorp,13-17,Female,J023,No,Obese,Contact,Positive,Susceptible,Beta
J023-008,Klerksdorp,5-12,Male,J023,No,Normal weight,Contact,Negative,Susceptible,Beta
J024-001,Klerksdorp,35-59,Female,J024,No,Obese,Index,Positive,Self Index,Self Index
J024-002,Klerksdorp,35-59,Male,J024,Yes,Normal weight,Contact,Negative,Susceptible,Beta
J024-004,Klerksdorp,13-17,Male,J024,No,Normal weight,Contact,Negative,Susceptible,Beta
J027-001,Klerksdorp,35-59,Female,J027,No,Obese,Index,Positive,Self Index,Self Index
J027-002,Klerksdorp,35-59,Male,J027,Yes,Normal weight,Contact,Negative,Susceptible,Beta
J027-003,Klerksdorp,35-59,Female,J027,No,Obese,Contact,Positive,Susceptible,Beta
J027-004,Klerksdorp,18-34,Female,J027,No,Normal weight,Contact,Positive,Susceptible,Beta
J027-005,Klerksdorp,18-34,Male,J027,No,Overweight,Contact,Negative,Susceptible,Beta
J029-001,Klerksdorp,35-59,Female,J029,No,Normal weight,Index,Positive,Self Index,Self Index
J029-002,Klerksdorp,35-59,Male,J029,No,Overweight,Contact,Negative,Susceptible,Beta
J029-003,Klerksdorp,13-17,Female,J029,No,Normal weight,Contact,Positive,Susceptible,Beta
J030-001,Klerksdorp,35-59,Male,J030,Yes,Underweight,Index,Positive,Self Index,Self Index
J030-003,Klerksdorp,5-12,Male,J030,No,Unknown,Contact,Negative,Susceptible,Beta
J030-004,Klerksdorp,5-12,Male,J030,No,Normal weight,Contact,Negative,Susceptible,Beta
J031-001,Klerksdorp,>=60,Male,J031,No,Overweight,Index,Positive,Self Index,Self Index
J031-002,Klerksdorp,>=60,Female,J031,No,Obese,Contact,Negative,Susceptible,Beta
J033-001,Klerksdorp,35-59,Female,J033,No,Obese,Index,Positive,Self Index,Self Index
J033-002,Klerksdorp,>=60,Female,J033,No,Obese,Contact,Negative,Susceptible,Beta
J033-005,Klerksdorp,13-17,Male,J033,No,Normal weight,Contact,Negative,Susceptible,Beta
J033-007,Klerksdorp,5-12,Female,J033,No,Overweight,Contact,Negative,Susceptible,Beta
J033-008,Klerksdorp,5-12,Female,J033,No,Overweight,Contact,Negative,Susceptible,Beta
J037-001,Klerksdorp,35-59,Female,J037,No,Obese,Index,Positive,Self Index,Self Index
J037-002,Klerksdorp,35-59,Male,J037,Yes,Normal weight,Contact,Positive,Susceptible,Beta
J037-003,Klerksdorp,18-34,Female,J037,No,Obese,Contact,Positive,Susceptible,Beta
J037-004,Klerksdorp,5-12,Male,J037,No,Normal weight,Contact,Positive,Susceptible,Beta
J039-001,Klerksdorp,35-59,Female,J039,No,Obese,Index,Positive,Self Index,Self Index
J039-002,Klerksdorp,35-59,Male,J039,Yes,Underweight,Contact,Negative,Susceptible,Beta
J039-003,Klerksdorp,18-34,Female,J039,No,Obese,Contact,Positive,Susceptible,Beta
J039-005,Klerksdorp,13-17,Female,J039,No,Normal weight,Contact,Positive,Susceptible,Beta
J039-006,Klerksdorp,13-17,Female,J039,No,Normal weight,Contact,Positive,Susceptible,Beta
J039-007,Klerksdorp,13-17,Male,J039,No,Normal weight,Contact,Positive,Susceptible,Beta
J041-001,Klerksdorp,18-34,Female,J041,No,Normal weight,Index,Positive,Self Index,Self Index
J041-002,Klerksdorp,>=60,Male,J041,No,Overweight,Contact,Positive,Susceptible,Beta
J041-003,Klerksdorp,>=60,Female,J041,No,Obese,Contact,Positive,Susceptible,Beta
J041-004,Klerksdorp,35-59,Male,J041,Yes,Normal weight,Contact,Negative,Susceptible,Beta
J041-005,Klerksdorp,13-17,Female,J041,No,Overweight,Contact,Positive,Susceptible,Beta
J042-001,Klerksdorp,35-59,Male,J042,No,Normal weight,Index,Positive,Self Index,Self Index
J042-003,Klerksdorp,>=60,Female,J042,No,Obese,Contact,Positive,Susceptible,Beta
J042-004,Klerksdorp,5-12,Male,J042,No,Overweight,Contact,Negative,Susceptible,Beta
J043-001,Klerksdorp,18-34,Male,J043,No,Normal weight,Index,Positive,Self Index,Self Index
J043-002,Klerksdorp,18-34,Female,J043,No,Overweight,Contact,Positive,Susceptible,Beta
J043-003,Klerksdorp,35-59,Female,J043,No,Underweight,Contact,Positive,Susceptible,Beta
J043-004,Klerksdorp,18-34,Male,J043,Yes,Normal weight,Contact,Negative,Susceptible,Beta
J043-005,Klerksdorp,5-12,Male,J043,No,Normal weight,Contact,Positive,Susceptible,Beta
J043-006,Klerksdorp,5-12,Male,J043,No,Normal weight,Contact,Positive,Susceptible,Beta
J044-001,Klerksdorp,18-34,Female,J044,No,Overweight,Index,Positive,Self Index,Self Index
J044-002,Klerksdorp,35-59,Male,J044,No,Obese,Contact,Positive,Susceptible,Beta
J044-003,Klerksdorp,35-59,Female,J044,No,Obese,Contact,Positive,Susceptible,Beta
J044-004,Klerksdorp,18-34,Female,J044,No,Normal weight,Contact,Positive,Susceptible,Beta
J044-005,Klerksdorp,18-34,Male,J044,No,Normal weight,Contact,Positive,Susceptible,Beta
J044-006,Klerksdorp,13-17,Female,J044,No,Normal weight,Contact,Positive,Susceptible,Beta
J044-007,Klerksdorp,5-12,Female,J044,No,Normal weight,Contact,Negative,Susceptible,Beta
J047-001,Klerksdorp,18-34,Female,J047,No,Obese,Index,Positive,Self Index,Self Index
J047-002,Klerksdorp,35-59,Female,J047,No,Obese,Contact,Positive,Susceptible,Beta
J047-003,Klerksdorp,18-34,Male,J047,No,Normal weight,Contact,Positive,Susceptible,Beta
J048-001,Klerksdorp,>=60,Male,J048,Yes,Normal weight,Index,Positive,Self Index,Self Index
J048-002,Klerksdorp,35-59,Female,J048,No,Overweight,Contact,Negative,Susceptible,Variant Unknown
J048-003,Klerksdorp,13-17,Female,J048,No,Normal weight,Contact,Negative,Susceptible,Variant Unknown
J048-004,Klerksdorp,13-17,Female,J048,No,Normal weight,Contact,Negative,Susceptible,Variant Unknown
J048-005,Klerksdorp,5-12,Female,J048,No,Normal weight,Contact,Negative,Susceptible,Variant Unknown
J050-001,Klerksdorp,35-59,Female,J050,No,Obese,Index,Positive,Self Index,Self Index
J050-002,Klerksdorp,35-59,Female,J050,No,Obese,Contact,Positive,Susceptible,Beta
J050-003,Klerksdorp,18-34,Female,J050,No,Obese,Contact,Positive,Susceptible,Beta
J050-004,Klerksdorp,13-17,Female,J050,No,Normal weight,Contact,Positive,Susceptible,Beta
J053-001,Klerksdorp,18-34,Female,J053,No,Obese,Index,Positive,Self Index,Self Index
J053-002,Klerksdorp,35-59,Female,J053,No,Obese,Contact,Negative,Susceptible,Variant Unknown
J053-003,Klerksdorp,<5,Female,J053,No,Normal weight,Contact,Negative,Susceptible,Variant Unknown
J054-001,Klerksdorp,35-59,Male,J054,No,Obese,Index,Positive,Self Index,Self Index
J054-002,Klerksdorp,35-59,Female,J054,Yes,Obese,Contact,Positive,Susceptible,Alpha
J054-003,Klerksdorp,18-34,Female,J054,Yes,Obese,Contact,Positive,Susceptible,Alpha
J054-004,Klerksdorp,13-17,Male,J054,Yes,Normal weight,Contact,Positive,Susceptible,Alpha
J055-001,Klerksdorp,35-59,Female,J055,No,Obese,Index,Positive,Self Index,Self Index
J055-004,Klerksdorp,5-12,Male,J055,No,Normal weight,Contact,Positive,Susceptible,Beta
J057-001,Klerksdorp,18-34,Female,J057,No,Obese,Index,Positive,Self Index,Self Index
J057-002,Klerksdorp,18-34,Male,J057,Yes,Overweight,Contact,Positive,Susceptible,Beta
J057-003,Klerksdorp,18-34,Female,J057,No,Normal weight,Contact,Positive,Susceptible,Beta
J057-004,Klerksdorp,18-34,Female,J057,No,Overweight,Contact,Positive,Susceptible,Beta
J059-001,Klerksdorp,35-59,Female,J059,No,Obese,Index,Positive,Self Index,Self Index
J059-002,Klerksdorp,13-17,Female,J059,No,Overweight,Contact,Positive,Susceptible,Beta
J059-003,Klerksdorp,5-12,Female,J059,No,Overweight,Contact,Positive,Susceptible,Beta
J059-004,Klerksdorp,<5,Male,J059,No,Normal weight,Contact,Negative,Susceptible,Beta
J059-005,Klerksdorp,<5,Female,J059,No,Normal weight,Contact,Negative,Susceptible,Beta
J063-001,Klerksdorp,18-34,Female,J063,No,Normal weight,Index,Positive,Self Index,Self Index
J063-002,Klerksdorp,35-59,Male,J063,No,Obese,Contact,Positive,Susceptible,Alpha
J063-003,Klerksdorp,35-59,Female,J063,No,Obese,Contact,Positive,Susceptible,Alpha
J063-004,Klerksdorp,13-17,Male,J063,No,Normal weight,Contact,Positive,Susceptible,Alpha
J063-005,Klerksdorp,5-12,Female,J063,No,Normal weight,Contact,Negative,Susceptible,Alpha
J064-001,Klerksdorp,35-59,Male,J064,Yes,Overweight,Index,Positive,Self Index,Self Index
J064-002,Klerksdorp,35-59,Female,J064,No,Obese,Contact,Positive,Susceptible,Beta
J064-003,Klerksdorp,5-12,Male,J064,No,Normal weight,Contact,Positive,Susceptible,Beta
J067-001,Klerksdorp,35-59,Female,J067,Yes,Overweight,Index,Positive,Self Index,Self Index
J067-002,Klerksdorp,35-59,Male,J067,Yes,Underweight,Contact,Positive,Susceptible,Alpha
J067-005,Klerksdorp,13-17,Female,J067,No,Normal weight,Contact,Positive,Susceptible,Alpha
J067-006,Klerksdorp,13-17,Female,J067,No,Normal weight,Contact,Positive,Susceptible,Alpha
J067-007,Klerksdorp,5-12,Female,J067,No,Normal weight,Contact,Positive,Susceptible,Alpha
J068-001,Klerksdorp,18-34,Female,J068,No,Normal weight,Index,Positive,Self Index,Self Index
J068-002,Klerksdorp,18-34,Male,J068,No,Normal weight,Contact,Negative,Susceptible,Beta
J070-001,Klerksdorp,35-59,Female,J070,No,Obese,Index,Positive,Self Index,Self Index
J070-002,Klerksdorp,35-59,Male,J070,No,Normal weight,Contact,Positive,Susceptible,Beta
J070-003,Klerksdorp,18-34,Female,J070,No,Underweight,Contact,Positive,Susceptible,Beta
J070-004,Klerksdorp,13-17,Male,J070,No,Normal weight,Contact,Positive,Susceptible,Beta
J072-001,Klerksdorp,35-59,Female,J072,No,Obese,Index,Positive,Self Index,Self Index
J072-003,Klerksdorp,18-34,Male,J072,No,Underweight,Contact,Negative,Susceptible,Variant Unknown
J073-001,Klerksdorp,18-34,Female,J073,No,Obese,Index,Positive,Self Index,Self Index
J073-002,Klerksdorp,35-59,Male,J073,No,Overweight,Contact,Positive,Susceptible,Beta
J073-003,Klerksdorp,>=60,Male,J073,No,Normal weight,Contact,Negative,Susceptible,Beta
J075-001,Klerksdorp,18-34,Female,J075,No,Overweight,Index,Positive,Self Index,Self Index
J075-003,Klerksdorp,5-12,Male,J075,No,Overweight,Contact,Negative,Susceptible,Alpha
J075-004,Klerksdorp,5-12,Female,J075,No,Obese,Contact,Positive,Susceptible,Alpha
J076-001,Klerksdorp,18-34,Female,J076,Yes,Normal weight,Index,Positive,Self Index,Self Index
J076-002,Klerksdorp,18-34,Female,J076,No,Obese,Contact,Positive,Susceptible,Delta
J077-001,Klerksdorp,>=60,Female,J077,No,Obese,Index,Positive,Self Index,Self Index
J077-002,Klerksdorp,35-59,Female,J077,No,Obese,Contact,Negative,Susceptible,Beta
J077-003,Klerksdorp,13-17,Male,J077,No,Normal weight,Contact,Negative,Susceptible,Beta
J077-005,Klerksdorp,13-17,Female,J077,No,Obese,Contact,Negative,Susceptible,Beta
S004-001,Soweto,35-59,Male,S004,No,Overweight,Index,Positive,Self Index,Self Index
S004-002,Soweto,35-59,Female,S004,No,Obese,Contact,Negative,Susceptible,non-Alpha/Beta/Delta
S004-003,Soweto,>=60,Male,S004,Yes,Overweight,Contact,Negative,Susceptible,non-Alpha/Beta/Delta
S005-001,Soweto,35-59,Male,S005,Yes,Normal weight,Index,Positive,Self Index,Self Index
S005-002,Soweto,18-34,Female,S005,No,Normal weight,Contact,Negative,Susceptible,Variant Unknown
S005-003,Soweto,<5,Female,S005,No,Normal weight,Contact,Negative,Susceptible,Variant Unknown
S006-001,Soweto,35-59,Female,S006,No,Overweight,Index,Positive,Self Index,Self Index
S006-003,Soweto,35-59,Female,S006,Yes,Underweight,Contact,Negative,Susceptible,Beta
S006-004,Soweto,18-34,Female,S006,Yes,Normal weight,Contact,Negative,Susceptible,Beta
S006-006,Soweto,18-34,Male,S006,Yes,Underweight,Contact,Positive,Susceptible,Beta
S006-008,Soweto,18-34,Male,S006,Yes,Underweight,Contact,Negative,Susceptible,Beta
S006-010,Soweto,5-12,Male,S006,No,Obese,Contact,Positive,Susceptible,Beta
S007-001,Soweto,35-59,Male,S007,No,Normal weight,Index,Positive,Self Index,Self Index
S007-002,Soweto,35-59,Female,S007,No,Obese,Contact,Positive,Susceptible,Beta
S007-003,Soweto,35-59,Female,S007,No,Normal weight,Contact,Negative,Susceptible,Beta
S007-004,Soweto,35-59,Female,S007,No,Obese,Contact,Positive,Susceptible,Beta
S007-005,Soweto,35-59,Female,S007,No,Normal weight,Contact,Negative,Susceptible,Beta
S007-006,Soweto,35-59,Female,S007,Yes,Overweight,Contact,Negative,Susceptible,Beta
S007-007,Soweto,13-17,Female,S007,No,Overweight,Contact,Positive,Susceptible,Beta
S007-008,Soweto,13-17,Female,S007,No,Normal weight,Contact,Positive,Susceptible,Beta
S008-001,Soweto,18-34,Female,S008,No,Normal weight,Index,Positive,Self Index,Self Index
S008-002,Soweto,18-34,Male,S008,Yes,Normal weight,Contact,Negative,Susceptible,Beta
S008-003,Soweto,5-12,Female,S008,No,Normal weight,Contact,Positive,Susceptible,Beta
S009-001,Soweto,35-59,Male,S009,Yes,Normal weight,Index,Positive,Self Index,Self Index
S009-002,Soweto,18-34,Female,S009,No,Obese,Contact,Positive,Susceptible,Beta
S009-003,Soweto,13-17,Male,S009,No,Normal weight,Contact,Positive,Susceptible,Beta
S011-001,Soweto,35-59,Female,S011,No,Underweight,Index,Positive,Self Index,Self Index
S011-002,Soweto,18-34,Female,S011,No,Overweight,Contact,Positive,Susceptible,Beta
S011-003,Soweto,18-34,Female,S011,No,Normal weight,Contact,Positive,Susceptible,Beta
S011-004,Soweto,5-12,Female,S011,No,Normal weight,Contact,Negative,Susceptible,Beta
S011-005,Soweto,5-12,Female,S011,No,Normal weight,Contact,Negative,Susceptible,Beta
S012-001,Soweto,35-59,Female,S012,No,Obese,Index,Positive,Self Index,Self Index
S012-002,Soweto,35-59,Male,S012,Yes,Overweight,Contact,Positive,Susceptible,Beta
S012-003,Soweto,13-17,Female,S012,No,Overweight,Contact,Positive,Susceptible,Beta
S015-001,Soweto,35-59,Female,S015,No,Normal weight,Index,Positive,Self Index,Self Index
S015-002,Soweto,>=60,Male,S015,Yes,Normal weight,Contact,Positive,Susceptible,Beta
S015-003,Soweto,13-17,Female,S015,No,Underweight,Contact,Positive,Susceptible,Beta
S015-004,Soweto,35-59,Female,S015,No,Obese,Contact,Positive,Susceptible,Beta
S016-001,Soweto,35-59,Female,S016,No,Obese,Index,Positive,Self Index,Self Index
S016-002,Soweto,18-34,Male,S016,No,Obese,Contact,Positive,Susceptible,Beta
S016-003,Soweto,5-12,Male,S016,No,Overweight,Contact,Negative,Susceptible,Beta
S018-001,Soweto,35-59,Female,S018,No,Obese,Index,Positive,Self Index,Self Index
S018-003,Soweto,18-34,Female,S018,No,Obese,Contact,Positive,Susceptible,Beta
S018-004,Soweto,13-17,Female,S018,No,Overweight,Contact,Positive,Susceptible,Beta
S018-005,Soweto,5-12,Male,S018,No,Normal weight,Contact,Positive,Susceptible,Beta
S020-001,Soweto,18-34,Male,S020,No,Obese,Index,Positive,Self Index,Self Index
S020-002,Soweto,18-34,Female,S020,No,Obese,Contact,Negative,Susceptible,Beta
S021-001,Soweto,35-59,Female,S021,No,Overweight,Index,Positive,Self Index,Self Index
S021-002,Soweto,>=60,Male,S021,No,Normal weight,Contact,Positive,Susceptible,Beta
S021-003,Soweto,>=60,Female,S021,No,Obese,Contact,Negative,Susceptible,Beta
S021-004,Soweto,35-59,Female,S021,No,Obese,Contact,Positive,Susceptible,Beta
S021-005,Soweto,18-34,Male,S021,No,Overweight,Contact,Negative,Susceptible,Beta
S021-006,Soweto,13-17,Female,S021,No,Overweight,Contact,Negative,Susceptible,Beta
S023-001,Soweto,35-59,Male,S023,No,Overweight,Index,Positive,Self Index,Self Index
S023-002,Soweto,35-59,Female,S023,No,Obese,Contact,Positive,Susceptible,Beta
S023-003,Soweto,18-34,Female,S023,No,Obese,Contact,Positive,Susceptible,Beta
S026-001,Soweto,18-34,Female,S026,No,Obese,Index,Positive,Self Index,Self Index
S026-003,Soweto,18-34,Female,S026,No,Overweight,Contact,Positive,Susceptible,Beta
S026-005,Soweto,13-17,Female,S026,No,Normal weight,Contact,Negative,Susceptible,Beta
S026-007,Soweto,18-34,Male,S026,Yes,Normal weight,Contact,Negative,Susceptible,Beta
S026-008,Soweto,5-12,Male,S026,No,Normal weight,Contact,Negative,Susceptible,Beta
S026-009,Soweto,13-17,Male,S026,No,Normal weight,Contact,Negative,Susceptible,Beta
S028-001,Soweto,35-59,Male,S028,No,Overweight,Index,Positive,Self Index,Self Index
S028-002,Soweto,35-59,Female,S028,No,Obese,Contact,Negative,Susceptible,Beta
S028-003,Soweto,>=60,Female,S028,No,Obese,Contact,Negative,Susceptible,Beta
S028-004,Soweto,5-12,Male,S028,No,Overweight,Contact,Positive,Susceptible,Beta
S028-005,Soweto,18-34,Male,S028,No,Obese,Contact,Positive,Susceptible,Beta
S030-001,Soweto,>=60,Female,S030,No,Obese,Index,Positive,Self Index,Self Index
S030-002,Soweto,35-59,Female,S030,No,Obese,Contact,Negative,Susceptible,Beta
S031-001,Soweto,18-34,Female,S031,No,Overweight,Index,Positive,Self Index,Self Index
S031-002,Soweto,18-34,Male,S031,No,Normal weight,Contact,Negative,Susceptible,Beta
S031-003,Soweto,18-34,Male,S031,No,Normal weight,Contact,Negative,Susceptible,Beta
S031-005,Soweto,<5,Male,S031,No,Normal weight,Contact,Positive,Susceptible,Beta
S032-001,Soweto,18-34,Female,S032,No,Normal weight,Index,Positive,Self Index,Self Index
S032-005,Soweto,18-34,Male,S032,No,Normal weight,Contact,Negative,Susceptible,Beta
S033-001,Soweto,35-59,Female,S033,No,Obese,Index,Positive,Self Index,Self Index
S033-002,Soweto,35-59,Male,S033,Yes,Normal weight,Contact,Negative,Susceptible,Beta
S033-003,Soweto,18-34,Female,S033,No,Obese,Contact,Positive,Susceptible,Beta
S033-004,Soweto,13-17,Female,S033,No,Normal weight,Contact,Positive,Susceptible,Beta
S036-001,Soweto,>=60,Female,S036,No,Obese,Index,Positive,Self Index,Self Index
S036-002,Soweto,18-34,Female,S036,No,Obese,Contact,Positive,Susceptible,Beta
S036-003,Soweto,<5,Male,S036,No,Normal weight,Contact,Negative,Susceptible,Beta
S036-004,Soweto,<5,Female,S036,No,Normal weight,Contact,Positive,Susceptible,Beta
S039-001,Soweto,35-59,Male,S039,No,Overweight,Index,Positive,Self Index,Self Index
S039-002,Soweto,35-59,Female,S039,No,Obese,Contact,Positive,Susceptible,Beta
S039-003,Soweto,5-12,Female,S039,No,Normal weight,Contact,Positive,Susceptible,Beta
S039-004,Soweto,18-34,Female,S039,No,Obese,Contact,Positive,Susceptible,Beta
S040-001,Soweto,>=60,Male,S040,No,Normal weight,Index,Positive,Self Index,Self Index
S040-002,Soweto,>=60,Female,S040,No,Obese,Contact,Positive,Susceptible,Beta
S040-003,Soweto,13-17,Female,S040,No,Normal weight,Contact,Positive,Susceptible,Beta
S040-004,Soweto,5-12,Female,S040,No,Normal weight,Contact,Positive,Susceptible,Beta
S044-001,Soweto,35-59,Female,S044,No,Obese,Index,Positive,Self Index,Self Index
S044-002,Soweto,35-59,Male,S044,No,Underweight,Contact,Negative,Susceptible,Beta
S044-003,Soweto,13-17,Female,S044,No,Overweight,Contact,Positive,Susceptible,Beta
S045-001,Soweto,35-59,Female,S045,No,Normal weight,Index,Positive,Self Index,Self Index
S045-002,Soweto,>=60,Male,S045,No,Overweight,Contact,Positive,Susceptible,Beta
S045-003,Soweto,>=60,Female,S045,No,Overweight,Contact,Positive,Susceptible,Beta
S045-004,Soweto,35-59,Male,S045,No,Normal weight,Contact,Negative,Susceptible,Beta
S045-005,Soweto,35-59,Female,S045,No,Overweight,Contact,Positive,Susceptible,Beta
S045-006,Soweto,5-12,Male,S045,No,Normal weight,Contact,Positive,Susceptible,Beta
S046-001,Soweto,>=60,Male,S046,No,Underweight,Index,Positive,Self Index,Self Index
S046-002,Soweto,35-59,Female,S046,No,Overweight,Contact,Positive,Susceptible,Beta
S047-001,Soweto,35-59,Female,S047,No,Overweight,Index,Positive,Self Index,Self Index
S047-003,Soweto,<5,Male,S047,No,Normal weight,Contact,Negative,Susceptible,Beta
S048-001,Soweto,>=60,Male,S048,No,Normal weight,Index,Positive,Self Index,Self Index
S048-002,Soweto,35-59,Female,S048,No,Obese,Contact,Positive,Susceptible,Beta
S048-005,Soweto,18-34,Male,S048,No,Overweight,Contact,Positive,Susceptible,Beta
S048-006,Soweto,18-34,Female,S048,No,Obese,Contact,Positive,Susceptible,Beta
S049-001,Soweto,>=60,Female,S049,No,Obese,Index,Positive,Self Index,Self Index
S049-003,Soweto,35-59,Female,S049,No,Overweight,Contact,Negative,Susceptible,Beta
S049-004,Soweto,5-12,Male,S049,No,Obese,Contact,Negative,Susceptible,Beta
S049-005,Soweto,35-59,Male,S049,Yes,Underweight,Contact,Negative,Susceptible,Beta
S050-001,Soweto,18-34,Male,S050,No,Normal weight,Index,Positive,Self Index,Self Index
S050-002,Soweto,>=60,Female,S050,No,Overweight,Contact,Negative,Susceptible,Beta
S050-003,Soweto,35-59,Male,S050,No,Normal weight,Contact,Positive,Susceptible,Beta
S050-004,Soweto,18-34,Male,S050,No,Underweight,Contact,Positive,Susceptible,Beta
S050-005,Soweto,5-12,Male,S050,No,Normal weight,Contact,Negative,Susceptible,Beta
S051-001,Soweto,35-59,Male,S051,No,Overweight,Index,Positive,Self Index,Self Index
S051-004,Soweto,18-34,Female,S051,No,Overweight,Contact,Negative,Susceptible,Beta
S052-001,Soweto,35-59,Female,S052,No,Obese,Index,Positive,Self Index,Self Index
S052-002,Soweto,13-17,Female,S052,No,Obese,Contact,Positive,Susceptible,non-Alpha/Beta/Delta
S052-003,Soweto,5-12,Male,S052,No,Obese,Contact,Negative,Susceptible,non-Alpha/Beta/Delta
S053-001,Soweto,>=60,Female,S053,No,Obese,Index,Positive,Self Index,Self Index
S053-002,Soweto,35-59,Female,S053,No,Normal weight,Contact,Positive,Susceptible,Beta
S053-003,Soweto,35-59,Male,S053,No,Obese,Contact,Positive,Susceptible,Beta
S056-001,Soweto,35-59,Female,S056,No,Normal weight,Index,Positive,Self Index,Self Index
S056-003,Soweto,18-34,Female,S056,No,Normal weight,Contact,Positive,Susceptible,Variant Unknown
S056-004,Soweto,13-17,Male,S056,No,Normal weight,Contact,Positive,Susceptible,Variant Unknown
S057-001,Soweto,35-59,Female,S057,No,Obese,Index,Positive,Self Index,Self Index
S057-002,Soweto,18-34,Female,S057,No,Overweight,Contact,Positive,Susceptible,Beta
S057-003,Soweto,5-12,Female,S057,No,Normal weight,Contact,Positive,Susceptible,Beta
S057-004,Soweto,<5,Male,S057,No,Underweight,Contact,Negative,Susceptible,Beta
S060-001,Soweto,18-34,Female,S060,No,Obese,Index,Positive,Self Index,Self Index
S060-002,Soweto,35-59,Male,S060,Yes,Overweight,Contact,Negative,Susceptible,Delta
S060-003,Soweto,35-59,Female,S060,No,Obese,Contact,Negative,Susceptible,Delta
S060-004,Soweto,5-12,Male,S060,No,Overweight,Contact,Negative,Susceptible,Delta
S061-001,Soweto,>=60,Female,S061,No,Overweight,Index,Positive,Self Index,Self Index
S061-002,Soweto,35-59,Male,S061,Yes,Underweight,Contact,Positive,Susceptible,non-Alpha/Beta/Delta
S061-003,Soweto,35-59,Male,S061,Yes,Normal weight,Contact,Positive,Susceptible,non-Alpha/Beta/Delta
S061-004,Soweto,35-59,Female,S061,No,Overweight,Contact,Positive,Susceptible,non-Alpha/Beta/Delta
S061-005,Soweto,5-12,Male,S061,No,Underweight,Contact,Positive,Susceptible,non-Alpha/Beta/Delta
S062-001,Soweto,18-34,Female,S062,No,Normal weight,Index,Positive,Self Index,Self Index
S062-002,Soweto,35-59,Female,S062,No,Overweight,Contact,Positive,Susceptible,Delta
S062-003,Soweto,18-34,Female,S062,No,Normal weight,Contact,Positive,Susceptible,Delta
S062-005,Soweto,35-59,Female,S062,No,Overweight,Contact,Negative,Susceptible,Delta
S062-007,Soweto,18-34,Female,S062,No,Normal weight,Contact,Positive,Susceptible,Delta
S063-001,Soweto,18-34,Female,S063,No,Overweight,Index,Positive,Self Index,Self Index
S063-002,Soweto,35-59,Male,S063,Yes,Underweight,Contact,Positive,Susceptible,Delta
S063-003,Soweto,35-59,Female,S063,No,Obese,Contact,Positive,Susceptible,Delta
S063-004,Soweto,13-17,Male,S063,No,Normal weight,Contact,Positive,Susceptible,Delta
S064-001,Soweto,>=60,Female,S064,No,Obese,Index,Positive,Self Index,Self Index
S064-002,Soweto,35-59,Female,S064,No,Overweight,Contact,Positive,Susceptible,Beta
S064-004,Soweto,35-59,Male,S064,Yes,Underweight,Contact,Positive,Susceptible,Beta
S067-001,Soweto,35-59,Female,S067,No,Normal weight,Index,Positive,Self Index,Self Index
S067-002,Soweto,18-34,Male,S067,Yes,Normal weight,Contact,Positive,Susceptible,Delta
S067-003,Soweto,35-59,Female,S067,No,Normal weight,Contact,Positive,Susceptible,Delta
S067-004,Soweto,18-34,Female,S067,No,Normal weight,Contact,Negative,Susceptible,Delta
S070-001,Soweto,>=60,Male,S070,No,Obese,Index,Positive,Self Index,Self Index
S070-002,Soweto,35-59,Female,S070,No,Obese,Contact,Positive,Susceptible,Delta
S070-003,Soweto,35-59,Female,S070,No,Obese,Contact,Positive,Susceptible,Delta
S071-001,Soweto,>=60,Female,S071,No,Normal weight,Index,Positive,Self Index,Self Index
S071-002,Soweto,>=60,Male,S071,No,Normal weight,Contact,Positive,Susceptible,Delta
S071-004,Soweto,13-17,Male,S071,No,Overweight,Contact,Positive,Susceptible,Delta
S071-005,Soweto,5-12,Female,S071,No,Normal weight,Contact,Positive,Susceptible,Delta
S071-006,Soweto,5-12,Female,S071,No,Normal weight,Contact,Positive,Susceptible,Delta
S071-008,Soweto,5-12,Male,S071,No,Normal weight,Contact,Positive,Susceptible,Delta
S072-001,Soweto,35-59,Male,S072,No,Obese,Index,Positive,Self Index,Self Index
S072-004,Soweto,5-12,Male,S072,No,Obese,Contact,Positive,Susceptible,Delta
S072-005,Soweto,5-12,Male,S072,No,Overweight,Contact,Positive,Susceptible,Delta
S072-006,Soweto,5-12,Male,S072,No,Normal weight,Contact,Positive,Susceptible,Delta
S072-007,Soweto,5-12,Male,S072,No,Normal weight,Contact,Positive,Susceptible,Delta
S072-008,Soweto,35-59,Female,S072,No,Obese,Contact,Negative,Susceptible,Delta
S073-001,Soweto,35-59,Female,S073,No,Obese,Index,Positive,Self Index,Self Index
S073-002,Soweto,35-59,Male,S073,Yes,Normal weight,Contact,Positive,Susceptible,Delta
S073-003,Soweto,18-34,Female,S073,Unknown,Unknown,Contact,Positive,Susceptible,Delta
S073-004,Soweto,13-17,Male,S073,No,Normal weight,Contact,Positive,Susceptible,Delta
S074-001,Soweto,35-59,Female,S074,No,Obese,Index,Positive,Self Index,Self Index
S074-002,Soweto,35-59,Female,S074,No,Obese,Contact,Positive,Susceptible,Beta
S074-003,Soweto,18-34,Female,S074,No,Obese,Contact,Positive,Susceptible,Beta
S074-004,Soweto,5-12,Female,S074,No,Overweight,Contact,Positive,Susceptible,Beta
S075-001,Soweto,35-59,Female,S075,No,Obese,Index,Positive,Self Index,Self Index
S075-002,Soweto,>=60,Female,S075,No,Obese,Contact,Positive,Susceptible,Delta
S075-003,Soweto,35-59,Female,S075,No,Overweight,Contact,Positive,Susceptible,Delta
S075-004,Soweto,18-34,Female,S075,No,Normal weight,Contact,Positive,Susceptible,Delta
S078-001,Soweto,>=60,Female,S078,No,Obese,Index,Positive,Self Index,Self Index
S078-002,Soweto,18-34,Female,S078,No,Overweight,Contact,Negative,Susceptible,Delta
S078-003,Soweto,5-12,Male,S078,No,Normal weight,Contact,Negative,Susceptible,Delta
S079-001,Soweto,35-59,Female,S079,No,Obese,Index,Positive,Self Index,Self Index
S079-003,Soweto,>=60,Female,S079,No,Normal weight,Contact,Positive,Susceptible,Delta
S079-004,Soweto,18-34,Female,S079,No,Overweight,Contact,Positive,Susceptible,Delta
S079-005,Soweto,13-17,Female,S079,No,Normal weight,Contact,Positive,Susceptible,Delta
S079-006,Soweto,5-12,Female,S079,No,Obese,Contact,Positive,Susceptible,Delta
S080-001,Soweto,18-34,Male,S080,Yes,Normal weight,Index,Positive,Self Index,Self Index
S080-002,Soweto,35-59,Male,S080,Yes,Normal weight,Contact,Negative,Susceptible,Variant Unknown
S080-003,Soweto,35-59,Female,S080,No,Obese,Contact,Negative,Susceptible,Variant Unknown
S081-001,Soweto,35-59,Female,S081,No,Obese,Index,Positive,Self Index,Self Index
S081-003,Soweto,13-17,Male,S081,No,Normal weight,Contact,Negative,Susceptible,Variant Unknown
