cluster_id,n_cells,total_exposure,avg_exposure
0,137,0.0,0.0
1,5,0.0,0.0
2,13,0.0,0.0
3,6,0.0,0.0
4,268,0.0,0.0
5,87,0.0,0.0
6,25,0.0,0.0
7,214,0.0,0.0
8,159,0.0,0.0
9,122,0.0,0.0
10,25,0.0,0.0
11,57,0.0,0.0
12,223,0.0,0.0
13,341,0.0,0.0
14,111,0.0,0.0
15,329,0.0,0.0
16,59,0.0,0.0
17,126,0.0,0.0
18,1141,0.0,0.0
19,59,0.0,0.0
20,559,0.0,0.0
21,309,0.0,0.0
22,364,0.0,0.0
23,22,0.0,0.0
24,31,0.0,0.0
25,87,0.0,0.0
26,8,0.0,0.0
27,13,0.0,0.0
28,67,0.0,0.0
29,470,0.0,0.0
30,289,0.0,0.0
31,353,0.0,0.0
32,224,0.0,0.0
33,215,0.0,0.0
34,275,0.0,0.0
35,105,0.0,0.0
36,527,0.0,0.0
37,168,0.0,0.0
38,31,0.0,0.0
39,249,0.0,0.0
40,103,0.0,0.0
41,116,0.0,0.0
42,377,0.0,0.0
43,92,0.0,0.0
44,7,0.0,0.0
45,762,0.0,0.0
46,73,0.0,0.0
47,1430,0.0,0.0
48,104,0.0,0.0
49,11,0.0,0.0
50,5,0.0,0.0
51,24,0.0,0.0
52,36,0.0,0.0
53,15,0.0,0.0
54,10,0.0,0.0
55,59,0.0,0.0
56,15,0.0,0.0
57,63,0.0,0.0
58,76,0.0,0.0
59,113,0.0,0.0
60,15,0.0,0.0
61,34,0.0,0.0
62,472,0.0,0.0
63,94,0.0,0.0
64,16,0.0,0.0
65,13,0.0,0.0
66,80,0.0,0.0
67,774,0.0,0.0
68,7,0.0,0.0
69,138,0.0,0.0
70,8,0.0,0.0
71,7,0.0,0.0
72,10,0.0,0.0
73,101,0.0,0.0
74,80,0.0,0.0
75,78,0.0,0.0
76,11,0.0,0.0
77,5,0.0,0.0
78,74,0.0,0.0
79,102,0.0,0.0
80,85,0.0,0.0
81,128,0.0,0.0
82,140,0.0,0.0
83,110,0.0,0.0
84,127,0.0,0.0
85,57,0.0,0.0
86,166,0.0,0.0
87,160,0.0,0.0
88,287,0.0,0.0
89,163,0.0,0.0
90,7,0.0,0.0
91,726,0.0,0.0
92,338,0.0,0.0
93,771,0.0,0.0
94,222,0.0,0.0
95,367,0.0,0.0
96,1620,0.0,0.0
97,228,0.0,0.0
98,511,0.0,0.0
99,164,0.0,0.0
100,180,0.0,0.0
101,371,0.0,0.0
102,494,0.0,0.0
103,55,0.0,0.0
104,75,0.0,0.0
105,68,0.0,0.0
106,35,0.0,0.0
107,195,0.0,0.0
108,575,0.0,0.0
109,398,0.0,0.0
110,212,0.0,0.0
111,112,0.0,0.0
112,489,0.0,0.0
113,208,0.0,0.0
114,11,0.0,0.0
115,129,0.0,0.0
116,127,0.0,0.0
117,40,0.0,0.0
118,5,0.0,0.0
119,48,0.0,0.0
120,326,0.0,0.0
121,248,0.0,0.0
122,55,0.0,0.0
123,73,0.0,0.0
124,39,0.0,0.0
125,183,0.0,0.0
126,37,0.0,0.0
127,72,0.0,0.0
128,771,0.0,0.0
129,48,0.0,0.0
130,35,0.0,0.0
131,7,0.0,0.0
132,79,0.0,0.0
133,5,0.0,0.0
134,21,0.0,0.0
135,46,0.0,0.0
136,40,0.0,0.0
137,163,0.0,0.0
138,7,0.0,0.0
139,232,0.0,0.0
140,155,0.0,0.0
141,26,0.0,0.0
142,922,0.0,0.0
143,5,0.0,0.0
144,16,0.0,0.0
145,222,0.0,0.0
146,18,0.0,0.0
147,7,0.0,0.0
148,193,0.0,0.0
149,432,0.0,0.0
150,168,0.0,0.0
151,15,0.0,0.0
152,114,0.0,0.0
153,172,0.0,0.0
154,406,0.0,0.0
155,53,0.0,0.0
156,123,0.0,0.0
157,511,0.0,0.0
158,245,0.0,0.0
159,221,0.0,0.0
160,261,0.0,0.0
161,107,0.0,0.0
162,157,0.0,0.0
163,60,0.0,0.0
164,37,0.0,0.0
165,38,0.0,0.0
166,44,0.0,0.0
167,1123,0.0,0.0
168,84,0.0,0.0
169,13,0.0,0.0
170,28,0.0,0.0
171,2628,0.0,0.0
172,8,0.0,0.0
173,367,0.0,0.0
174,6,0.0,0.0
175,14,0.0,0.0
176,7,0.0,0.0
177,155,0.0,0.0
178,85,0.0,0.0
179,22,0.0,0.0
180,6,0.0,0.0
181,22,0.0,0.0
182,27,0.0,0.0
183,9,0.0,0.0
184,71,0.0,0.0
185,26,0.0,0.0
186,42,0.0,0.0
187,20,0.0,0.0
188,47,0.0,0.0
189,14,0.0,0.0
190,14,0.0,0.0
191,246,0.0,0.0
192,314,0.0,0.0
193,13,0.0,0.0
194,51,0.0,0.0
195,426,0.0,0.0
196,792,0.0,0.0
197,29,0.0,0.0
198,38,0.0,0.0
199,215,0.0,0.0
200,23,0.0,0.0
201,29,0.0,0.0
202,9,0.0,0.0
203,8,0.0,0.0
204,285,0.0,0.0
205,306,0.0,0.0
206,122,0.0,0.0
207,8,0.0,0.0
208,47,0.0,0.0
209,195,0.0,0.0
210,10,0.0,0.0
211,126,0.0,0.0
212,283,0.0,0.0
213,13,0.0,0.0
214,76,0.0,0.0
215,25,0.0,0.0
216,15,0.0,0.0
217,122,0.0,0.0
218,761,0.0,0.0
219,544,0.0,0.0
220,745,0.0,0.0
221,111,0.0,0.0
222,54,0.0,0.0
223,34,0.0,0.0
224,27,0.0,0.0
225,154,0.0,0.0
226,14,0.0,0.0
227,555,0.0,0.0
228,306,0.0,0.0
229,19,0.0,0.0
230,150,0.0,0.0
231,102,0.0,0.0
232,11,0.0,0.0
233,122,0.0,0.0
234,20,0.0,0.0
235,87,0.0,0.0
236,555,0.0,0.0
237,142,0.0,0.0
238,130,0.0,0.0
239,600,0.0,0.0
240,229,0.0,0.0
241,131,0.0,0.0
242,13,0.0,0.0
243,17,0.0,0.0
244,176,0.0,0.0
245,230,0.0,0.0
246,444,0.0,0.0
247,458,0.0,0.0
248,585,0.0,0.0
249,1860,0.0,0.0
250,84,0.0,0.0
251,60,0.0,0.0
252,77,0.0,0.0
253,69,0.0,0.0
254,282,0.0,0.0
255,107,0.0,0.0
256,7,0.0,0.0
257,26,0.0,0.0
258,13,0.0,0.0
259,7,0.0,0.0
260,22,0.0,0.0
261,49,0.0,0.0
262,19,0.0,0.0
263,25,0.0,0.0
264,1313,0.0,0.0
265,443,0.0,0.0
266,260,0.0,0.0
267,570,0.0,0.0
268,223,0.0,0.0
269,347,0.0,0.0
270,603,0.0,0.0
271,457,0.0,0.0
272,880,0.0,0.0
273,64,0.0,0.0
274,5,0.0,0.0
275,146,0.0,0.0
276,159,0.0,0.0
277,71,0.0,0.0
278,57,0.0,0.0
279,98,0.0,0.0
280,131,0.0,0.0
281,132,0.0,0.0
282,45,0.0,0.0
283,24,0.0,0.0
284,40,0.0,0.0
285,160,0.0,0.0
286,117,0.0,0.0
287,154,0.0,0.0
288,113,0.0,0.0
289,34,0.0,0.0
290,22,0.0,0.0
291,15,0.0,0.0
292,145,0.0,0.0
293,7,0.0,0.0
294,77,0.0,0.0
295,43,0.0,0.0
296,744,0.0,0.0
297,101,0.0,0.0
298,20,0.0,0.0
299,77,0.0,0.0
300,150,0.0,0.0
301,17,0.0,0.0
302,9,0.0,0.0
303,66,0.0,0.0
304,111,0.0,0.0
305,57,0.0,0.0
306,458,0.0,0.0
307,52,0.0,0.0
308,9,0.0,0.0
309,64,0.0,0.0
310,5,0.0,0.0
311,191,0.0,0.0
312,325,0.0,0.0
313,69,0.0,0.0
314,36,0.0,0.0
315,27,0.0,0.0
316,177,0.0,0.0
317,69,0.0,0.0
318,105,0.0,0.0
319,20,0.0,0.0
320,585,0.0,0.0
321,7,0.0,0.0
322,1076,0.0,0.0
323,20,0.0,0.0
324,25,0.0,0.0
325,744,0.0,0.0
326,13,0.0,0.0
327,42,0.0,0.0
328,329,0.0,0.0
329,82,0.0,0.0
330,491,0.0,0.0
331,168,0.0,0.0
332,388,0.0,0.0
333,89,0.0,0.0
334,20,0.0,0.0
335,41,0.0,0.0
336,24,0.0,0.0
337,9,0.0,0.0
338,21,0.0,0.0
339,13,0.0,0.0
340,11,0.0,0.0
341,145,0.0,0.0
342,419,0.0,0.0
343,5,0.0,0.0
344,6,0.0,0.0
345,45,0.0,0.0
346,27,0.0,0.0
347,6,0.0,0.0
348,255,0.0,0.0
349,41,0.0,0.0
350,24,0.0,0.0
351,51,0.0,0.0
352,255,0.0,0.0
353,8,0.0,0.0
354,9,0.0,0.0
355,7,0.0,0.0
356,29,0.0,0.0
357,8,0.0,0.0
358,5,0.0,0.0
359,29,0.0,0.0
360,55,0.0,0.0
361,5,0.0,0.0
362,157,0.0,0.0
363,125,0.0,0.0
364,38,0.0,0.0
365,103,0.0,0.0
366,203,0.0,0.0
367,306,0.0,0.0
368,343,0.0,0.0
369,319,0.0,0.0
370,8,0.0,0.0
371,633,0.0,0.0
372,179,0.0,0.0
373,27,0.0,0.0
374,168,0.0,0.0
375,43,0.0,0.0
376,68,0.0,0.0
377,46,0.0,0.0
378,65,0.0,0.0
379,85,0.0,0.0
380,40,0.0,0.0
381,21,0.0,0.0
382,25,0.0,0.0
383,166,0.0,0.0
384,220,0.0,0.0
385,138,0.0,0.0
386,26,0.0,0.0
387,713,0.0,0.0
388,475,0.0,0.0
389,59,0.0,0.0
390,258,0.0,0.0
391,13,0.0,0.0
392,28,0.0,0.0
393,26,0.0,0.0
394,31,0.0,0.0
395,5,0.0,0.0
396,337,0.0,0.0
397,93,0.0,0.0
398,7,0.0,0.0
399,43,0.0,0.0
400,36,0.0,0.0
401,45,0.0,0.0
402,76,0.0,0.0
403,150,0.0,0.0
404,345,0.0,0.0
405,208,0.0,0.0
406,50,0.0,0.0
407,285,0.0,0.0
408,110,0.0,0.0
409,10,0.0,0.0
410,233,0.0,0.0
411,25,0.0,0.0
412,128,0.0,0.0
413,32,0.0,0.0
414,20,0.0,0.0
415,68,0.0,0.0
416,1367,0.0,0.0
417,52,0.0,0.0
418,1087,0.0,0.0
419,220,0.0,0.0
420,187,0.0,0.0
421,111,0.0,0.0
422,14,0.0,0.0
423,29,0.0,0.0
424,179,0.0,0.0
425,73,0.0,0.0
426,16,0.0,0.0
427,42,0.0,0.0
428,58,0.0,0.0
429,32,0.0,0.0
430,48,0.0,0.0
431,63,0.0,0.0
432,14,0.0,0.0
433,14,0.0,0.0
434,29,0.0,0.0
435,160,0.0,0.0
436,45,0.0,0.0
437,7,0.0,0.0
438,11,0.0,0.0
439,358,0.0,0.0
440,70,0.0,0.0
441,5,0.0,0.0
442,1087,0.0,0.0
443,57,0.0,0.0
444,27,0.0,0.0
445,40,0.0,0.0
446,41,0.0,0.0
447,687,0.0,0.0
448,392,0.0,0.0
449,113,0.0,0.0
450,65,0.0,0.0
451,92,0.0,0.0
452,96,0.0,0.0
453,101,0.0,0.0
454,51,0.0,0.0
455,24,0.0,0.0
456,266,0.0,0.0
457,159,0.0,0.0
458,55,0.0,0.0
459,12,0.0,0.0
460,76,0.0,0.0
461,62,0.0,0.0
462,17,0.0,0.0
463,21,0.0,0.0
464,43,0.0,0.0
465,5,0.0,0.0
466,16,0.0,0.0
467,16,0.0,0.0
468,233,0.0,0.0
469,6,0.0,0.0
470,16,0.0,0.0
471,713,0.0,0.0
472,25,0.0,0.0
473,24,0.0,0.0
474,39,0.0,0.0
475,101,0.0,0.0
476,80,0.0,0.0
477,155,0.0,0.0
478,6,0.0,0.0
479,37,0.0,0.0
480,21,0.0,0.0
481,27,0.0,0.0
482,15,0.0,0.0
483,209,0.0,0.0
484,14,0.0,0.0
485,137,0.0,0.0
486,5,0.0,0.0
487,13,0.0,0.0
488,6,0.0,0.0
489,268,0.0,0.0
490,87,0.0,0.0
491,25,0.0,0.0
492,214,0.0,0.0
493,159,0.0,0.0
494,122,0.0,0.0
495,25,0.0,0.0
496,57,0.0,0.0
497,223,0.0,0.0
498,341,0.0,0.0
499,111,0.0,0.0
500,329,0.0,0.0
501,59,0.0,0.0
502,126,0.0,0.0
503,1141,0.0,0.0
504,59,0.0,0.0
505,559,0.0,0.0
506,309,0.0,0.0
507,364,0.0,0.0
508,22,0.0,0.0
509,31,0.0,0.0
510,87,0.0,0.0
511,8,0.0,0.0
512,13,0.0,0.0
513,67,0.0,0.0
514,470,0.0,0.0
515,289,0.0,0.0
516,353,0.0,0.0
517,224,0.0,0.0
518,215,0.0,0.0
519,275,0.0,0.0
520,105,0.0,0.0
521,527,0.0,0.0
522,168,0.0,0.0
523,31,0.0,0.0
524,249,0.0,0.0
525,103,0.0,0.0
526,116,0.0,0.0
527,377,0.0,0.0
528,92,0.0,0.0
529,7,0.0,0.0
530,762,0.0,0.0
531,73,0.0,0.0
532,104,0.0,0.0
533,11,0.0,0.0
534,5,0.0,0.0
535,24,0.0,0.0
536,36,0.0,0.0
537,15,0.0,0.0
538,10,0.0,0.0
539,59,0.0,0.0
540,15,0.0,0.0
541,63,0.0,0.0
542,76,0.0,0.0
543,113,0.0,0.0
544,15,0.0,0.0
545,34,0.0,0.0
546,472,0.0,0.0
547,94,0.0,0.0
548,16,0.0,0.0
549,13,0.0,0.0
550,7,0.0,0.0
551,138,0.0,0.0
552,8,0.0,0.0
553,7,0.0,0.0
554,10,0.0,0.0
555,101,0.0,0.0
556,78,0.0,0.0
557,11,0.0,0.0
558,5,0.0,0.0
559,74,0.0,0.0
560,102,0.0,0.0
561,85,0.0,0.0
562,128,0.0,0.0
563,140,0.0,0.0
564,110,0.0,0.0
565,127,0.0,0.0
566,57,0.0,0.0
567,166,0.0,0.0
568,160,0.0,0.0
569,287,0.0,0.0
570,338,0.0,0.0
571,228,0.0,0.0
572,164,0.0,0.0
573,180,0.0,0.0
574,371,0.0,0.0
575,494,0.0,0.0
576,55,0.0,0.0
577,75,0.0,0.0
578,68,0.0,0.0
579,35,0.0,0.0
580,195,0.0,0.0
581,575,0.0,0.0
582,398,0.0,0.0
583,212,0.0,0.0
584,112,0.0,0.0
585,489,0.0,0.0
586,208,0.0,0.0
587,11,0.0,0.0
588,129,0.0,0.0
589,127,0.0,0.0
590,48,0.0,0.0
591,326,0.0,0.0
592,248,0.0,0.0
593,55,0.0,0.0
594,73,0.0,0.0
595,39,0.0,0.0
596,183,0.0,0.0
597,37,0.0,0.0
598,72,0.0,0.0
599,48,0.0,0.0
600,35,0.0,0.0
601,7,0.0,0.0
602,79,0.0,0.0
603,5,0.0,0.0
604,21,0.0,0.0
605,46,0.0,0.0
606,232,0.0,0.0
607,16,0.0,0.0
608,18,0.0,0.0
609,7,0.0,0.0
610,193,0.0,0.0
611,432,0.0,0.0
612,168,0.0,0.0
613,15,0.0,0.0
614,114,0.0,0.0
615,172,0.0,0.0
616,406,0.0,0.0
617,53,0.0,0.0
618,123,0.0,0.0
619,245,0.0,0.0
620,221,0.0,0.0
621,261,0.0,0.0
622,107,0.0,0.0
623,157,0.0,0.0
624,60,0.0,0.0
625,37,0.0,0.0
626,38,0.0,0.0
627,44,0.0,0.0
628,1123,0.0,0.0
629,84,0.0,0.0
630,13,0.0,0.0
631,28,0.0,0.0
632,8,0.0,0.0
633,6,0.0,0.0
634,14,0.0,0.0
635,7,0.0,0.0
636,85,0.0,0.0
637,22,0.0,0.0
638,6,0.0,0.0
639,22,0.0,0.0
640,27,0.0,0.0
641,9,0.0,0.0
642,71,0.0,0.0
643,42,0.0,0.0
644,20,0.0,0.0
645,47,0.0,0.0
646,14,0.0,0.0
647,14,0.0,0.0
648,246,0.0,0.0
649,314,0.0,0.0
650,13,0.0,0.0
651,51,0.0,0.0
652,426,0.0,0.0
653,792,0.0,0.0
654,29,0.0,0.0
655,38,0.0,0.0
656,215,0.0,0.0
657,23,0.0,0.0
658,29,0.0,0.0
659,9,0.0,0.0
660,8,0.0,0.0
661,285,0.0,0.0
662,47,0.0,0.0
663,195,0.0,0.0
664,10,0.0,0.0
665,126,0.0,0.0
666,283,0.0,0.0
667,13,0.0,0.0
668,76,0.0,0.0
669,25,0.0,0.0
670,15,0.0,0.0
671,122,0.0,0.0
672,761,0.0,0.0
673,544,0.0,0.0
674,745,0.0,0.0
675,111,0.0,0.0
676,54,0.0,0.0
677,34,0.0,0.0
678,27,0.0,0.0
679,154,0.0,0.0
680,14,0.0,0.0
681,11,0.0,0.0
682,20,0.0,0.0
683,87,0.0,0.0
684,142,0.0,0.0
685,130,0.0,0.0
686,600,0.0,0.0
687,229,0.0,0.0
688,131,0.0,0.0
689,13,0.0,0.0
690,17,0.0,0.0
691,176,0.0,0.0
692,230,0.0,0.0
693,444,0.0,0.0
694,84,0.0,0.0
695,60,0.0,0.0
696,77,0.0,0.0
697,69,0.0,0.0
698,282,0.0,0.0
699,107,0.0,0.0
700,7,0.0,0.0
701,26,0.0,0.0
702,13,0.0,0.0
703,7,0.0,0.0
704,22,0.0,0.0
705,49,0.0,0.0
706,25,0.0,0.0
707,1313,0.0,0.0
708,443,0.0,0.0
709,260,0.0,0.0
710,570,0.0,0.0
711,223,0.0,0.0
712,347,0.0,0.0
713,603,0.0,0.0
714,457,0.0,0.0
715,880,0.0,0.0
716,64,0.0,0.0
717,5,0.0,0.0
718,146,0.0,0.0
719,159,0.0,0.0
720,71,0.0,0.0
721,57,0.0,0.0
722,98,0.0,0.0
723,131,0.0,0.0
724,132,0.0,0.0
725,45,0.0,0.0
726,24,0.0,0.0
727,40,0.0,0.0
728,160,0.0,0.0
729,117,0.0,0.0
730,154,0.0,0.0
731,113,0.0,0.0
732,34,0.0,0.0
733,22,0.0,0.0
734,15,0.0,0.0
735,145,0.0,0.0
736,7,0.0,0.0
737,43,0.0,0.0
738,101,0.0,0.0
739,20,0.0,0.0
740,17,0.0,0.0
741,9,0.0,0.0
742,66,0.0,0.0
743,111,0.0,0.0
744,57,0.0,0.0
745,52,0.0,0.0
746,9,0.0,0.0
747,64,0.0,0.0
748,5,0.0,0.0
749,191,0.0,0.0
750,325,0.0,0.0
751,69,0.0,0.0
752,36,0.0,0.0
753,27,0.0,0.0
754,177,0.0,0.0
755,69,0.0,0.0
756,105,0.0,0.0
757,20,0.0,0.0
758,7,0.0,0.0
759,1076,0.0,0.0
760,20,0.0,0.0
761,25,0.0,0.0
762,13,0.0,0.0
763,42,0.0,0.0
764,329,0.0,0.0
765,82,0.0,0.0
766,491,0.0,0.0
767,168,0.0,0.0
768,388,0.0,0.0
769,89,0.0,0.0
770,20,0.0,0.0
771,41,0.0,0.0
772,24,0.0,0.0
773,9,0.0,0.0
774,21,0.0,0.0
775,13,0.0,0.0
776,11,0.0,0.0
777,145,0.0,0.0
778,419,0.0,0.0
779,5,0.0,0.0
780,6,0.0,0.0
781,45,0.0,0.0
782,27,0.0,0.0
783,6,0.0,0.0
784,41,0.0,0.0
785,24,0.0,0.0
786,51,0.0,0.0
787,8,0.0,0.0
788,9,0.0,0.0
789,7,0.0,0.0
790,29,0.0,0.0
791,8,0.0,0.0
792,5,0.0,0.0
793,29,0.0,0.0
794,55,0.0,0.0
795,5,0.0,0.0
796,157,0.0,0.0
797,125,0.0,0.0
798,38,0.0,0.0
799,103,0.0,0.0
800,203,0.0,0.0
801,306,0.0,0.0
802,343,0.0,0.0
803,319,0.0,0.0
804,8,0.0,0.0
805,633,0.0,0.0
806,179,0.0,0.0
807,27,0.0,0.0
808,168,0.0,0.0
809,43,0.0,0.0
810,68,0.0,0.0
811,46,0.0,0.0
812,65,0.0,0.0
813,85,0.0,0.0
814,40,0.0,0.0
815,25,0.0,0.0
816,166,0.0,0.0
817,220,0.0,0.0
818,138,0.0,0.0
819,26,0.0,0.0
820,713,0.0,0.0
821,475,0.0,0.0
822,59,0.0,0.0
823,258,0.0,0.0
824,13,0.0,0.0
825,28,0.0,0.0
826,26,0.0,0.0
827,31,0.0,0.0
828,5,0.0,0.0
829,337,0.0,0.0
830,93,0.0,0.0
831,7,0.0,0.0
832,43,0.0,0.0
833,36,0.0,0.0
834,150,0.0,0.0
835,345,0.0,0.0
836,208,0.0,0.0
837,50,0.0,0.0
838,285,0.0,0.0
839,110,0.0,0.0
840,10,0.0,0.0
841,32,0.0,0.0
842,20,0.0,0.0
843,68,0.0,0.0
844,1367,0.0,0.0
845,52,0.0,0.0
846,187,0.0,0.0
847,111,0.0,0.0
848,14,0.0,0.0
849,29,0.0,0.0
850,179,0.0,0.0
851,73,0.0,0.0
852,16,0.0,0.0
853,42,0.0,0.0
854,58,0.0,0.0
855,32,0.0,0.0
856,48,0.0,0.0
857,63,0.0,0.0
858,14,0.0,0.0
859,14,0.0,0.0
860,29,0.0,0.0
861,160,0.0,0.0
862,7,0.0,0.0
863,11,0.0,0.0
864,70,0.0,0.0
865,5,0.0,0.0
866,57,0.0,0.0
867,27,0.0,0.0
868,40,0.0,0.0
869,41,0.0,0.0
870,687,0.0,0.0
871,392,0.0,0.0
872,113,0.0,0.0
873,65,0.0,0.0
874,92,0.0,0.0
875,96,0.0,0.0
876,101,0.0,0.0
877,51,0.0,0.0
878,24,0.0,0.0
879,266,0.0,0.0
880,159,0.0,0.0
881,55,0.0,0.0
882,12,0.0,0.0
883,62,0.0,0.0
884,17,0.0,0.0
885,43,0.0,0.0
886,5,0.0,0.0
887,16,0.0,0.0
888,16,0.0,0.0
889,6,0.0,0.0
890,16,0.0,0.0
891,713,0.0,0.0
892,24,0.0,0.0
893,39,0.0,0.0
894,101,0.0,0.0
895,80,0.0,0.0
896,155,0.0,0.0
897,6,0.0,0.0
898,37,0.0,0.0
899,21,0.0,0.0
900,27,0.0,0.0
901,15,0.0,0.0
902,209,0.0,0.0
903,14,0.0,0.0
