node_id,degree,weighted_degree,degree_centrality,betweenness_centrality,duration_sum,contacts_infected_sum,norm_degree_centrality,norm_betweenness_centrality,norm_weighted_degree,risk_score,risk_rank
ind1_profile::1|2|0|0|1|0,34,26395.0,0.1365461847389558,0.043197213507587644,313140.0,13087.0,1.0,1.0,0.6518977957892655,2.6518977957892655,1
ind2_profile::1|2|0|0|1|0,34,26395.0,0.1365461847389558,0.04319721350758764,313140.0,13087.0,1.0,0.9999999999999999,0.6518977957892655,2.6518977957892655,2
ind2_profile::1|3|1|0|0|0,25,28491.0,0.1004016064257028,0.02627153176745382,196800.0,15094.0,0.7272727272727273,0.6081765381195061,0.7036918058713058,2.039141071263539,3
ind1_profile::1|3|1|0|0|0,25,28491.0,0.1004016064257028,0.026271531767453806,196800.0,15094.0,0.7272727272727273,0.6081765381195058,0.7036918058713058,2.039141071263539,4
ind1_profile::0|0|0|0|0|0,19,40482.0,0.07630522088353413,0.01546003133826526,325900.0,27478.0,0.5454545454545455,0.3578941807334329,1.0,1.9033487261879785,5
ind2_profile::0|0|0|0|0|0,19,40482.0,0.07630522088353413,0.015460031338265255,325900.0,27478.0,0.5454545454545455,0.35789418073343277,1.0,1.9033487261879782,6
ind2_profile::0|3|1|0|0|0,16,37621.0,0.0642570281124498,0.01857927518662048,328880.0,20057.0,0.45454545454545453,0.4301035571046037,0.9293021646733222,1.8139511763233804,7
ind1_profile::0|3|1|0|0|0,16,37621.0,0.0642570281124498,0.018579275186620482,328880.0,20057.0,0.45454545454545453,0.43010355710460374,0.9293021646733222,1.8139511763233804,8
ind1_profile::1|3|0|0|0|0,18,18084.0,0.07228915662650602,0.01217000602004417,216080.0,10665.0,0.5151515151515152,0.2817312745857205,0.4465256498962143,1.24340843963345,9
ind2_profile::1|3|0|0|0|0,18,18084.0,0.07228915662650602,0.012170006020044168,216080.0,10665.0,0.5151515151515152,0.2817312745857205,0.4465256498962143,1.24340843963345,10
ind2_profile::1|2|0|1|1|0,21,8757.0,0.08433734939759036,0.01798245513723659,97780.0,7429.0,0.6060606060606062,0.4162873870111541,0.21604724720767027,1.2383952402794305,11
ind1_profile::1|2|0|1|1|0,21,8757.0,0.08433734939759036,0.01798245513723659,97780.0,7429.0,0.6060606060606062,0.4162873870111541,0.21604724720767027,1.2383952402794305,12
ind1_profile::0|3|0|0|0|0,16,21396.0,0.0642570281124498,0.008761039333123263,213640.0,12640.0,0.45454545454545453,0.20281491841098445,0.5283680933082929,1.1857284662647318,13
