feature,importance
contacts,0.1893179112386817
ind1_agegrp9,0.1230616804987486
ind2_agegrp9,0.1194429131875109
month_id,0.09425672693994
ind2_bmicat,0.0926621311459712
ind1_bmicat,0.089975536689547
ind2_sex,0.0596671458123181
ind1_sex,0.058379128167362
ind1_index,0.0322542724091768
ind2_index,0.0321773032756578
ind1_smokecignow1,0.0266994995632628
ind2_smokecignow1,0.0255696349295564
no_ts,0.0201948245028329
ind2_site,0.0167184832414072
ind1_site,0.0165157221018449
duration_sec,0.0031070862961811
