month_id,ind1_site,ind2_site,pair_sars,kmeans_cluster,dbscan_cluster,cuboid_count,total_contacts,total_contacts_infected,avg_duration_sec,avg_hcir,avg_hh_ar
197001,0,0,0,0,-1,36,164,36,117.77777777777777,21.666666666666668,36.333333333333336
197001,0,0,0,0,1,5,20,10,32.0,50.0,60.0
197001,0,0,0,0,4,268,536,0,34.776119402985074,0.0,33.0
197001,0,0,0,0,9,122,366,0,35.57377049180328,0.0,25.0
197001,0,0,0,0,11,57,342,0,29.82456140350877,0.0,14.0
197001,0,0,0,0,12,223,1338,0,40.44843049327354,0.0,14.0
197001,0,0,0,0,20,559,2795,559,34.13237924865832,20.0,33.0
197001,0,0,0,0,21,309,1545,309,33.72168284789644,20.0,33.0
197001,0,0,0,0,32,224,1344,0,55.535714285714285,0.0,14.0
197001,0,0,0,0,47,1430,8580,0,44.11188811188811,0.0,14.0
197001,0,0,0,0,52,36,108,0,28.88888888888889,0.0,25.0
197001,0,0,0,0,53,15,30,0,22.666666666666668,0.0,33.0
197001,0,0,0,0,55,59,295,118,36.271186440677965,40.0,50.0
197001,0,0,0,0,66,80,400,80,29.75,20.0,33.0
197001,0,0,0,0,67,774,3870,774,40.723514211886304,20.0,33.0
197001,0,0,0,0,74,80,400,80,29.75,20.0,33.0
197001,0,0,0,0,89,163,652,0,27.975460122699385,0.0,20.0
197001,0,0,0,0,90,7,28,0,120.0,0.0,20.0
197001,0,0,0,0,91,726,2904,0,36.74931129476584,0.0,20.0
197001,0,0,0,0,92,338,1352,0,37.0414201183432,0.0,20.0
197001,0,0,0,0,102,494,988,0,40.76923076923077,0.0,33.0
197001,0,0,0,0,137,163,652,0,27.975460122699385,0.0,20.0
197001,0,0,0,0,138,7,28,0,120.0,0.0,20.0
197001,0,0,0,0,139,232,928,0,38.01724137931034,0.0,20.0
197001,0,0,0,0,164,37,148,74,39.45945945945946,50.0,60.0
197001,0,0,0,0,486,5,20,10,32.0,50.0,60.0
197001,0,0,0,0,489,268,536,0,34.776119402985074,0.0,33.0
197001,0,0,0,0,494,122,366,0,35.57377049180328,0.0,25.0
197001,0,0,0,0,496,57,342,0,29.82456140350877,0.0,14.0
197001,0,0,0,0,497,223,1338,0,40.44843049327354,0.0,14.0
197001,0,0,0,0,505,559,2795,559,34.13237924865832,20.0,33.0
197001,0,0,0,0,506,309,1545,309,33.72168284789644,20.0,33.0
197001,0,0,0,0,517,224,1344,0,55.535714285714285,0.0,14.0
197001,0,0,0,0,536,36,108,0,28.88888888888889,0.0,25.0
197001,0,0,0,0,537,15,30,0,22.666666666666668,0.0,33.0
197001,0,0,0,0,539,59,295,118,36.271186440677965,40.0,50.0
197001,0,0,0,0,570,338,1352,0,37.0414201183432,0.0,20.0
197001,0,0,0,0,575,494,988,0,40.76923076923077,0.0,33.0
197001,0,0,0,0,606,232,928,0,38.01724137931034,0.0,20.0
197001,0,0,0,0,625,37,148,74,39.45945945945946,50.0,60.0
197001,0,0,1,0,-1,22,90,44,74.54545454545455,49.09090909090909,59.09090909090909
197001,0,0,1,0,2,13,52,26,36.92307692307692,50.0,60.0
197001,0,0,1,0,14,111,222,111,37.2972972972973,50.0,67.0
197001,0,0,1,0,18,1141,5705,1141,41.84049079754601,20.0,33.0
197001,0,0,1,0,29,470,2350,470,41.319148936170215,20.0,33.0
197001,0,0,1,0,30,289,1445,289,39.72318339100346,20.0,33.0
197001,0,0,1,0,39,249,1245,498,32.93172690763052,40.0,50.0
197001,0,0,1,0,40,103,515,206,35.728155339805824,40.0,50.0
197001,0,0,1,0,56,15,75,30,26.666666666666668,40.0,50.0
197001,0,0,1,0,68,7,35,14,22.857142857142858,40.0,50.0
197001,0,0,1,0,156,123,246,123,33.00813008130081,50.0,67.0
197001,0,0,1,0,163,60,240,120,43.0,50.0,60.0
197001,0,0,1,0,165,38,152,76,32.10526315789474,50.0,60.0
197001,0,0,1,0,187,20,80,40,40.0,50.0,60.0
197001,0,0,1,0,190,14,56,28,25.714285714285715,50.0,60.0
197001,0,0,1,0,487,13,52,26,36.92307692307692,50.0,60.0
197001,0,0,1,0,499,111,222,111,37.2972972972973,50.0,67.0
197001,0,0,1,0,503,1141,5705,1141,41.84049079754601,20.0,33.0
197001,0,0,1,0,514,470,2350,470,41.319148936170215,20.0,33.0
197001,0,0,1,0,515,289,1445,289,39.72318339100346,20.0,33.0
197001,0,0,1,0,524,249,1245,498,32.93172690763052,40.0,50.0
197001,0,0,1,0,525,103,515,206,35.728155339805824,40.0,50.0
197001,0,0,1,0,540,15,75,30,26.666666666666668,40.0,50.0
197001,0,0,1,0,550,7,35,14,22.857142857142858,40.0,50.0
197001,0,0,1,0,618,123,246,123,33.00813008130081,50.0,67.0
197001,0,0,1,0,624,60,240,120,43.0,50.0,60.0
197001,0,0,1,0,626,38,152,76,32.10526315789474,50.0,60.0
197001,0,0,1,0,644,20,80,40,40.0,50.0,60.0
197001,0,0,1,0,647,14,56,28,25.714285714285715,50.0,60.0
197001,0,0,1,1,-1,20,104,74,70.0,71.8,76.1
197001,0,0,1,1,93,771,4626,3855,44.487678339818416,83.0,86.0
197001,0,0,1,1,99,164,984,820,40.609756097560975,83.0,86.0
197001,0,0,1,1,127,72,432,360,37.22222222222222,83.0,86.0
197001,0,0,1,1,128,771,4626,3855,44.487678339818416,83.0,86.0
197001,0,0,1,1,129,48,288,240,25.416666666666668,83.0,86.0
197001,0,0,1,1,130,35,210,175,34.285714285714285,83.0,86.0
197001,0,0,1,1,151,15,60,45,32.0,75.0,80.0
197001,0,0,1,1,155,53,212,159,41.886792452830186,75.0,80.0
197001,0,0,1,1,159,221,1326,1105,46.334841628959275,83.0,86.0
197001,0,0,1,1,172,8,48,32,27.5,67.0,71.0
197001,0,0,1,1,178,85,510,425,44.0,83.0,86.0
197001,0,0,1,1,183,9,36,27,28.88888888888889,75.0,80.0
197001,0,0,1,1,572,164,984,820,40.609756097560975,83.0,86.0
197001,0,0,1,1,598,72,432,360,37.22222222222222,83.0,86.0
197001,0,0,1,1,599,48,288,240,25.416666666666668,83.0,86.0
197001,0,0,1,1,600,35,210,175,34.285714285714285,83.0,86.0
197001,0,0,1,1,613,15,60,45,32.0,75.0,80.0
197001,0,0,1,1,617,53,212,159,41.886792452830186,75.0,80.0
197001,0,0,1,1,620,221,1326,1105,46.334841628959275,83.0,86.0
197001,0,0,1,1,632,8,48,32,27.5,67.0,71.0
197001,0,0,1,1,636,85,510,425,44.0,83.0,86.0
197001,0,0,1,1,641,9,36,27,28.88888888888889,75.0,80.0
197001,0,0,1,2,-1,29,129,45,79.3103448275862,34.793103448275865,48.03448275862069
197001,0,0,1,2,6,25,75,0,28.8,0.0,25.0
197001,0,0,1,2,7,214,642,0,33.45794392523364,0.0,25.0
197001,0,0,1,2,16,59,354,0,44.74576271186441,0.0,14.0
197001,0,0,1,2,17,126,756,0,38.73015873015873,0.0,14.0
197001,0,0,1,2,48,104,312,0,65.1923076923077,0.0,25.0
197001,0,0,1,2,49,11,55,22,32.72727272727273,40.0,50.0
197001,0,0,1,2,50,5,25,10,100.0,40.0,50.0
197001,0,0,1,2,64,16,80,16,25.0,20.0,33.0
197001,0,0,1,2,81,128,512,0,31.09375,0.0,20.0
197001,0,0,1,2,82,140,560,0,32.42857142857143,0.0,20.0
197001,0,0,1,2,83,110,440,0,33.63636363636363,0.0,20.0
197001,0,0,1,2,85,57,114,57,27.36842105263158,50.0,67.0
197001,0,0,1,2,112,489,978,0,44.94887525562372,0.0,33.0
197001,0,0,1,2,170,28,112,84,30.0,75.0,80.0
197001,0,0,1,2,485,137,548,274,38.1021897810219,50.0,60.0
197001,0,0,1,2,490,87,174,0,35.86206896551724,0.0,33.0
197001,0,0,1,2,493,159,477,0,42.138364779874216,0.0,25.0
197001,0,0,1,2,495,25,150,0,31.2,0.0,14.0
197001,0,0,1,2,498,341,682,341,41.58357771260997,50.0,67.0
197001,0,0,1,2,504,59,295,59,42.03389830508475,20.0,33.0
197001,0,0,1,2,516,353,706,0,32.124645892351275,0.0,33.0
197001,0,0,1,2,538,10,20,0,30.0,0.0,33.0
197001,0,0,1,2,544,15,30,0,25.333333333333332,0.0,33.0
197001,0,0,1,2,549,13,13,0,26.153846153846153,0.0,50.0
197001,0,0,1,2,574,371,742,0,44.474393530997304,0.0,33.0
197001,0,0,1,2,597,37,222,185,28.10810810810811,83.0,86.0
197001,0,0,1,2,627,44,176,88,54.54545454545455,50.0,60.0
197001,0,0,1,2,640,27,162,135,25.185185185185187,83.0,86.0
197001,0,0,1,3,-1,29,129,45,79.3103448275862,34.793103448275865,48.03448275862069
197001,0,0,1,3,0,137,548,274,38.1021897810219,50.0,60.0
197001,0,0,1,3,5,87,174,0,35.86206896551724,0.0,33.0
197001,0,0,1,3,8,159,477,0,42.138364779874216,0.0,25.0
197001,0,0,1,3,10,25,150,0,31.2,0.0,14.0
197001,0,0,1,3,13,341,682,341,41.58357771260997,50.0,67.0
197001,0,0,1,3,19,59,295,59,42.03389830508475,20.0,33.0
197001,0,0,1,3,31,353,706,0,32.124645892351275,0.0,33.0
197001,0,0,1,3,54,10,20,0,30.0,0.0,33.0
197001,0,0,1,3,60,15,30,0,25.333333333333332,0.0,33.0
197001,0,0,1,3,65,13,13,0,26.153846153846153,0.0,50.0
197001,0,0,1,3,101,371,742,0,44.474393530997304,0.0,33.0
197001,0,0,1,3,126,37,222,185,28.10810810810811,83.0,86.0
197001,0,0,1,3,166,44,176,88,54.54545454545455,50.0,60.0
197001,0,0,1,3,182,27,162,135,25.185185185185187,83.0,86.0
197001,0,0,1,3,491,25,75,0,28.8,0.0,25.0
197001,0,0,1,3,492,214,642,0,33.45794392523364,0.0,25.0
197001,0,0,1,3,501,59,354,0,44.74576271186441,0.0,14.0
197001,0,0,1,3,502,126,756,0,38.73015873015873,0.0,14.0
197001,0,0,1,3,532,104,312,0,65.1923076923077,0.0,25.0
197001,0,0,1,3,533,11,55,22,32.72727272727273,40.0,50.0
197001,0,0,1,3,534,5,25,10,100.0,40.0,50.0
197001,0,0,1,3,548,16,80,16,25.0,20.0,33.0
197001,0,0,1,3,562,128,512,0,31.09375,0.0,20.0
197001,0,0,1,3,563,140,560,0,32.42857142857143,0.0,20.0
197001,0,0,1,3,564,110,440,0,33.63636363636363,0.0,20.0
197001,0,0,1,3,566,57,114,57,27.36842105263158,50.0,67.0
197001,0,0,1,3,585,489,978,0,44.94887525562372,0.0,33.0
197001,0,0,1,3,631,28,112,84,30.0,75.0,80.0
197001,0,0,2,1,-1,34,138,110,83.52941176470588,84.41176470588235,87.05882352941177
197001,0,0,2,1,23,22,66,66,24.545454545454547,100.0,100.0
197001,0,0,2,1,24,31,93,93,23.225806451612904,100.0,100.0
197001,0,0,2,1,41,116,580,232,28.79310344827586,40.0,50.0
197001,0,0,2,1,57,63,189,189,27.3015873015873,100.0,100.0
197001,0,0,2,1,76,11,44,33,27.272727272727273,75.0,80.0
197001,0,0,2,1,77,5,20,15,120.0,75.0,80.0
197001,0,0,2,1,78,74,296,222,35.13513513513514,75.0,80.0
197001,0,0,2,1,95,367,2202,1835,38.36512261580381,83.0,86.0
197001,0,0,2,1,96,1620,9720,8100,51.135802469135804,83.0,86.0
197001,0,0,2,1,97,228,1368,1140,37.719298245614034,83.0,86.0
197001,0,0,2,1,98,511,3066,2555,42.857142857142854,83.0,86.0
197001,0,0,2,1,111,112,224,224,36.07142857142857,100.0,100.0
197001,0,0,2,1,113,208,624,624,26.73076923076923,100.0,100.0
197001,0,0,2,1,114,11,33,33,120.0,100.0,100.0
197001,0,0,2,1,116,127,381,381,30.078740157480315,100.0,100.0
197001,0,0,2,1,118,5,15,15,120.0,100.0,100.0
197001,0,0,2,1,119,48,144,144,24.583333333333332,100.0,100.0
197001,0,0,2,1,125,183,549,549,32.459016393442624,100.0,100.0
197001,0,0,2,1,143,5,15,15,120.0,100.0,100.0
197001,0,0,2,1,148,193,772,579,41.865284974093264,75.0,80.0
197001,0,0,2,1,150,168,672,504,38.095238095238095,75.0,80.0
197001,0,0,2,1,154,406,1624,1218,45.566502463054185,75.0,80.0
197001,0,0,2,1,157,511,3066,2555,42.857142857142854,83.0,86.0
197001,0,0,2,1,158,245,1470,1225,46.285714285714285,83.0,86.0
197001,0,0,2,1,161,107,642,428,43.73831775700935,67.0,71.0
197001,0,0,2,1,162,157,942,628,34.77707006369427,67.0,71.0
197001,0,0,2,1,167,1123,6738,4492,38.86019590382903,67.0,71.0
197001,0,0,2,1,171,2628,15768,10512,58.721461187214615,67.0,71.0
197001,0,0,2,1,173,367,2202,1835,38.36512261580381,83.0,86.0
197001,0,0,2,1,174,6,36,30,23.333333333333332,83.0,86.0
197001,0,0,2,1,175,14,84,70,20.0,83.0,86.0
197001,0,0,2,1,184,71,426,355,38.309859154929576,83.0,86.0
197001,0,0,2,1,188,47,188,94,39.57446808510638,50.0,60.0
197001,0,0,2,1,508,22,66,66,24.545454545454547,100.0,100.0
197001,0,0,2,1,509,31,93,93,23.225806451612904,100.0,100.0
197001,0,0,2,1,526,116,580,232,28.79310344827586,40.0,50.0
197001,0,0,2,1,541,63,189,189,27.3015873015873,100.0,100.0
197001,0,0,2,1,557,11,44,33,27.272727272727273,75.0,80.0
197001,0,0,2,1,558,5,20,15,120.0,75.0,80.0
197001,0,0,2,1,559,74,296,222,35.13513513513514,75.0,80.0
197001,0,0,2,1,571,228,1368,1140,37.719298245614034,83.0,86.0
197001,0,0,2,1,584,112,224,224,36.07142857142857,100.0,100.0
197001,0,0,2,1,586,208,624,624,26.73076923076923,100.0,100.0
197001,0,0,2,1,587,11,33,33,120.0,100.0,100.0
197001,0,0,2,1,589,127,381,381,30.078740157480315,100.0,100.0
197001,0,0,2,1,590,48,144,144,24.583333333333332,100.0,100.0
197001,0,0,2,1,596,183,549,549,32.459016393442624,100.0,100.0
197001,0,0,2,1,610,193,772,579,41.865284974093264,75.0,80.0
197001,0,0,2,1,612,168,672,504,38.095238095238095,75.0,80.0
197001,0,0,2,1,616,406,1624,1218,45.566502463054185,75.0,80.0
197001,0,0,2,1,619,245,1470,1225,46.285714285714285,83.0,86.0
197001,0,0,2,1,622,107,642,428,43.73831775700935,67.0,71.0
197001,0,0,2,1,623,157,942,628,34.77707006369427,67.0,71.0
197001,0,0,2,1,628,1123,6738,4492,38.86019590382903,67.0,71.0
197001,0,0,2,1,633,6,36,30,23.333333333333332,83.0,86.0
197001,0,0,2,1,634,14,84,70,20.0,83.0,86.0
197001,0,0,2,1,642,71,426,355,38.309859154929576,83.0,86.0
197001,0,0,2,1,645,47,188,94,39.57446808510638,50.0,60.0
197001,0,0,2,2,-1,26,99,70,88.46153846153847,74.57692307692308,79.53846153846153
197001,0,0,2,2,3,6,24,12,26.666666666666668,50.0,60.0
197001,0,0,2,2,51,24,120,48,35.833333333333336,40.0,50.0
197001,0,0,2,2,59,113,226,113,31.504424778761063,50.0,67.0
197001,0,0,2,2,84,127,254,127,38.110236220472444,50.0,67.0
197001,0,0,2,2,86,166,996,664,43.25301204819277,67.0,71.0
197001,0,0,2,2,87,160,960,640,40.125,67.0,71.0
197001,0,0,2,2,88,287,1722,1148,49.616724738675956,67.0,71.0
197001,0,0,2,2,136,40,120,120,25.0,100.0,100.0
197001,0,0,2,2,144,16,96,80,22.5,83.0,86.0
197001,0,0,2,2,145,222,1332,1110,40.630630630630634,83.0,86.0
197001,0,0,2,2,146,18,108,90,27.77777777777778,83.0,86.0
197001,0,0,2,2,147,7,42,35,28.571428571428573,83.0,86.0
197001,0,0,2,2,168,84,336,252,29.285714285714285,75.0,80.0
197001,0,0,2,2,169,13,52,39,120.0,75.0,80.0
197001,0,0,2,2,186,42,84,42,30.0,50.0,67.0
197001,0,0,2,2,191,246,492,492,39.1869918699187,100.0,100.0
197001,0,0,2,2,510,87,261,261,30.344827586206897,100.0,100.0
197001,0,0,2,2,511,8,24,24,120.0,100.0,100.0
197001,0,0,2,2,513,67,335,67,25.671641791044777,20.0,33.0
197001,0,0,2,2,523,31,155,62,29.677419354838708,40.0,50.0
197001,0,0,2,2,542,76,228,228,28.68421052631579,100.0,100.0
197001,0,0,2,2,556,78,234,234,23.846153846153847,100.0,100.0
197001,0,0,2,2,560,102,408,306,36.666666666666664,75.0,80.0
197001,0,0,2,2,573,180,1080,900,37.333333333333336,83.0,86.0
197001,0,0,2,2,583,212,424,424,48.39622641509434,100.0,100.0
197001,0,0,2,2,588,129,387,387,34.883720930232556,100.0,100.0
197001,0,0,2,2,595,39,117,117,24.615384615384617,100.0,100.0
197001,0,0,2,2,611,432,1728,1296,40.55555555555556,75.0,80.0
197001,0,0,2,2,614,114,456,342,37.36842105263158,75.0,80.0
197001,0,0,2,2,615,172,688,516,33.95348837209303,75.0,80.0
197001,0,0,2,2,621,261,1566,1305,39.84674329501916,83.0,86.0
197001,0,0,2,2,637,22,132,110,37.27272727272727,83.0,86.0
197001,0,0,2,2,638,6,12,12,23.333333333333332,100.0,100.0
197001,0,0,2,2,646,14,56,28,27.142857142857142,50.0,60.0
197001,0,0,2,2,650,13,52,26,24.615384615384617,50.0,60.0
197001,0,0,2,3,-1,26,99,70,88.46153846153847,74.57692307692308,79.53846153846153
197001,0,0,2,3,25,87,261,261,30.344827586206897,100.0,100.0
197001,0,0,2,3,26,8,24,24,120.0,100.0,100.0
197001,0,0,2,3,28,67,335,67,25.671641791044777,20.0,33.0
197001,0,0,2,3,38,31,155,62,29.677419354838708,40.0,50.0
197001,0,0,2,3,58,76,228,228,28.68421052631579,100.0,100.0
197001,0,0,2,3,75,78,234,234,23.846153846153847,100.0,100.0
197001,0,0,2,3,79,102,408,306,36.666666666666664,75.0,80.0
197001,0,0,2,3,94,222,1332,1110,40.630630630630634,83.0,86.0
197001,0,0,2,3,100,180,1080,900,37.333333333333336,83.0,86.0
197001,0,0,2,3,110,212,424,424,48.39622641509434,100.0,100.0
197001,0,0,2,3,115,129,387,387,34.883720930232556,100.0,100.0
197001,0,0,2,3,117,40,120,120,25.0,100.0,100.0
197001,0,0,2,3,124,39,117,117,24.615384615384617,100.0,100.0
197001,0,0,2,3,149,432,1728,1296,40.55555555555556,75.0,80.0
197001,0,0,2,3,152,114,456,342,37.36842105263158,75.0,80.0
197001,0,0,2,3,153,172,688,516,33.95348837209303,75.0,80.0
197001,0,0,2,3,160,261,1566,1305,39.84674329501916,83.0,86.0
197001,0,0,2,3,179,22,132,110,37.27272727272727,83.0,86.0
197001,0,0,2,3,180,6,12,12,23.333333333333332,100.0,100.0
197001,0,0,2,3,189,14,56,28,27.142857142857142,50.0,60.0
197001,0,0,2,3,193,13,52,26,24.615384615384617,50.0,60.0
197001,0,0,2,3,488,6,24,12,26.666666666666668,50.0,60.0
197001,0,0,2,3,535,24,120,48,35.833333333333336,40.0,50.0
197001,0,0,2,3,543,113,226,113,31.504424778761063,50.0,67.0
197001,0,0,2,3,565,127,254,127,38.110236220472444,50.0,67.0
197001,0,0,2,3,567,166,996,664,43.25301204819277,67.0,71.0
197001,0,0,2,3,568,160,960,640,40.125,67.0,71.0
197001,0,0,2,3,569,287,1722,1148,49.616724738675956,67.0,71.0
197001,0,0,2,3,607,16,96,80,22.5,83.0,86.0
197001,0,0,2,3,608,18,108,90,27.77777777777778,83.0,86.0
197001,0,0,2,3,609,7,42,35,28.571428571428573,83.0,86.0
197001,0,0,2,3,629,84,336,252,29.285714285714285,75.0,80.0
197001,0,0,2,3,630,13,52,39,120.0,75.0,80.0
197001,0,0,2,3,643,42,84,42,30.0,50.0,67.0
197001,0,0,2,3,648,246,492,492,39.1869918699187,100.0,100.0
202011,0,0,0,0,22,260,780,0,37.07692307692308,0.0,25.0
202011,0,0,0,0,71,7,35,21,120.0,60.0,67.0
202011,0,0,0,0,72,10,50,30,22.0,60.0,67.0
202011,0,0,0,0,507,260,780,0,37.07692307692308,0.0,25.0
202011,0,0,0,0,553,7,35,21,120.0,60.0,67.0
202011,0,0,0,0,554,10,50,30,22.0,60.0,67.0
202011,0,0,1,1,35,105,525,315,33.523809523809526,60.0,67.0
202011,0,0,1,1,37,168,840,504,43.095238095238095,60.0,67.0
202011,0,0,1,1,61,34,170,102,22.352941176470587,60.0,67.0
202011,0,0,1,1,63,94,470,282,36.59574468085106,60.0,67.0
202011,0,0,1,1,69,138,690,414,24.92753623188406,60.0,67.0
202011,0,0,1,1,70,8,40,24,120.0,60.0,67.0
202011,0,0,1,1,73,101,505,303,45.54455445544554,60.0,67.0
202011,0,0,1,1,520,105,525,315,33.523809523809526,60.0,67.0
202011,0,0,1,1,522,168,840,504,43.095238095238095,60.0,67.0
202011,0,0,1,1,545,34,170,102,22.352941176470587,60.0,67.0
202011,0,0,1,1,547,94,470,282,36.59574468085106,60.0,67.0
202011,0,0,1,1,551,138,690,414,24.92753623188406,60.0,67.0
202011,0,0,1,1,552,8,40,24,120.0,60.0,67.0
202011,0,0,1,1,555,101,505,303,45.54455445544554,60.0,67.0
202011,0,0,1,2,-1,2,6,0,20.0,0.0,25.0
202011,0,0,1,2,43,92,460,276,25.217391304347824,60.0,67.0
202011,0,0,1,2,44,7,35,21,117.14285714285714,60.0,67.0
202011,0,0,1,2,46,73,365,219,49.863013698630134,60.0,67.0
202011,0,0,1,2,512,5,15,0,24.0,0.0,25.0
202011,0,0,1,3,-1,2,6,0,20.0,0.0,25.0
202011,0,0,1,3,27,5,15,0,24.0,0.0,25.0
202011,0,0,1,3,528,92,460,276,25.217391304347824,60.0,67.0
202011,0,0,1,3,529,7,35,21,117.14285714285714,60.0,67.0
202011,0,0,1,3,531,73,365,219,49.863013698630134,60.0,67.0
202011,0,0,2,1,34,275,1375,825,36.58181818181818,60.0,67.0
202011,0,0,2,1,36,527,2635,1581,42.2011385199241,60.0,67.0
202011,0,0,2,1,62,472,2360,1416,48.559322033898304,60.0,67.0
202011,0,0,2,1,519,275,1375,825,36.58181818181818,60.0,67.0
202011,0,0,2,1,521,527,2635,1581,42.2011385199241,60.0,67.0
202011,0,0,2,1,546,472,2360,1416,48.559322033898304,60.0,67.0
202011,0,0,2,2,15,92,92,92,30.652173913043477,100.0,100.0
202011,0,0,2,2,42,377,1885,1131,34.80106100795756,60.0,67.0
202011,0,0,2,2,45,762,3810,2286,43.884514435695536,60.0,67.0
202011,0,0,2,2,518,215,1075,645,36.55813953488372,60.0,67.0
202011,0,0,2,3,33,215,1075,645,36.55813953488372,60.0,67.0
202011,0,0,2,3,500,92,92,92,30.652173913043477,100.0,100.0
202011,0,0,2,3,527,377,1885,1131,34.80106100795756,60.0,67.0
202011,0,0,2,3,530,762,3810,2286,43.884514435695536,60.0,67.0
202011,1,1,0,0,257,26,52,0,42.30769230769231,0.0,33.0
202011,1,1,0,0,265,194,388,0,40.30927835051546,0.0,33.0
202011,1,1,0,0,701,26,52,0,42.30769230769231,0.0,33.0
202011,1,1,0,0,708,194,388,0,40.30927835051546,0.0,33.0
202011,1,1,1,2,-1,1,2,0,120.0,0.0,33.0
202011,1,1,1,2,272,374,748,0,48.1283422459893,0.0,33.0
202011,1,1,1,2,311,191,382,0,38.324607329842934,0.0,33.0
202011,1,1,1,2,700,7,14,0,20.0,0.0,33.0
202011,1,1,1,2,707,486,972,0,48.97119341563786,0.0,33.0
202011,1,1,1,3,-1,1,2,0,120.0,0.0,33.0
202011,1,1,1,3,256,7,14,0,20.0,0.0,33.0
202011,1,1,1,3,264,486,972,0,48.97119341563786,0.0,33.0
202011,1,1,1,3,715,374,748,0,48.1283422459893,0.0,33.0
202011,1,1,1,3,749,191,382,0,38.324607329842934,0.0,33.0
202012,0,0,0,0,22,104,312,0,40.38461538461539,0.0,25.0
202012,0,0,0,0,507,104,312,0,40.38461538461539,0.0,25.0
202012,0,0,1,2,512,8,24,0,27.5,0.0,25.0
202012,0,0,1,3,27,8,24,0,27.5,0.0,25.0
202012,0,0,2,2,15,237,237,237,37.130801687763714,100.0,100.0
202012,0,0,2,3,500,237,237,237,37.130801687763714,100.0,100.0
202012,1,1,0,0,225,9,45,18,26.666666666666668,40.0,50.0
202012,1,1,0,0,227,555,3885,2220,48.612612612612615,57.0,62.0
202012,1,1,0,0,231,102,714,408,44.705882352941174,57.0,62.0
202012,1,1,0,0,236,555,3885,2220,48.612612612612615,57.0,62.0
202012,1,1,0,0,244,4,20,8,25.0,40.0,50.0
202012,1,1,0,0,249,1860,7440,3720,47.935483870967744,50.0,60.0
202012,1,1,0,0,265,249,498,0,43.53413654618474,0.0,33.0
202012,1,1,0,0,288,113,565,226,38.584070796460175,40.0,50.0
202012,1,1,0,0,289,34,170,68,27.647058823529413,40.0,50.0
202012,1,1,0,0,316,177,885,354,35.81920903954802,40.0,50.0
202012,1,1,0,0,679,9,45,18,26.666666666666668,40.0,50.0
202012,1,1,0,0,691,4,20,8,25.0,40.0,50.0
202012,1,1,0,0,708,249,498,0,43.53413654618474,0.0,33.0
202012,1,1,0,0,731,113,565,226,38.584070796460175,40.0,50.0
202012,1,1,0,0,732,34,170,68,27.647058823529413,40.0,50.0
202012,1,1,0,0,754,177,885,354,35.81920903954802,40.0,50.0
202012,1,1,1,0,-1,8,40,16,120.0,40.0,50.0
202012,1,1,1,0,212,167,334,167,33.293413173652695,50.0,67.0
202012,1,1,1,0,223,10,50,20,46.0,40.0,50.0
202012,1,1,1,0,238,130,260,130,40.46153846153846,50.0,67.0
202012,1,1,1,0,247,458,1832,916,37.685589519650655,50.0,60.0
202012,1,1,1,0,250,84,336,168,61.904761904761905,50.0,60.0
202012,1,1,1,0,290,22,110,44,28.181818181818183,40.0,50.0
202012,1,1,1,0,291,15,75,30,28.0,40.0,50.0
202012,1,1,1,0,303,24,120,48,28.333333333333332,40.0,50.0
202012,1,1,1,0,306,458,1832,916,37.685589519650655,50.0,60.0
202012,1,1,1,0,317,69,345,138,45.21739130434783,40.0,50.0
202012,1,1,1,0,318,105,525,210,35.61904761904762,40.0,50.0
202012,1,1,1,0,326,3,15,6,20.0,40.0,50.0
202012,1,1,1,0,334,20,100,40,24.0,40.0,50.0
202012,1,1,1,0,335,41,205,82,27.804878048780488,40.0,50.0
202012,1,1,1,0,666,167,334,167,33.293413173652695,50.0,67.0
202012,1,1,1,0,677,10,50,20,46.0,40.0,50.0
202012,1,1,1,0,685,130,260,130,40.46153846153846,50.0,67.0
202012,1,1,1,0,694,84,336,168,61.904761904761905,50.0,60.0
202012,1,1,1,0,733,22,110,44,28.181818181818183,40.0,50.0
202012,1,1,1,0,734,15,75,30,28.0,40.0,50.0
202012,1,1,1,0,742,24,120,48,28.333333333333332,40.0,50.0
202012,1,1,1,0,755,69,345,138,45.21739130434783,40.0,50.0
202012,1,1,1,0,756,105,525,210,35.61904761904762,40.0,50.0
202012,1,1,1,0,762,3,15,6,20.0,40.0,50.0
202012,1,1,1,0,770,20,100,40,24.0,40.0,50.0
202012,1,1,1,0,771,41,205,82,27.804878048780488,40.0,50.0
202012,1,1,1,1,-1,18,126,72,73.33333333333333,57.0,62.0
202012,1,1,1,1,205,306,2142,1224,39.28104575163399,57.0,62.0
202012,1,1,1,1,206,122,854,488,37.21311475409836,57.0,62.0
202012,1,1,1,1,228,306,2142,1224,39.28104575163399,57.0,62.0
202012,1,1,1,1,229,19,133,76,35.78947368421053,57.0,62.0
202012,1,1,1,1,232,11,77,44,23.636363636363637,57.0,62.0
202012,1,1,1,1,233,122,854,488,37.21311475409836,57.0,62.0
202012,1,1,1,1,234,20,140,80,28.0,57.0,62.0
202012,1,1,1,1,262,19,133,76,35.78947368421053,57.0,62.0
202012,1,1,1,1,681,11,77,44,23.636363636363637,57.0,62.0
202012,1,1,1,1,682,20,140,80,28.0,57.0,62.0
202012,1,1,1,2,213,2,10,4,40.0,40.0,50.0
202012,1,1,1,2,214,4,20,8,30.0,40.0,50.0
202012,1,1,1,2,217,57,285,114,28.07017543859649,40.0,50.0
202012,1,1,1,2,245,113,226,113,38.4070796460177,50.0,67.0
202012,1,1,1,2,272,506,1012,0,50.47430830039526,0.0,33.0
202012,1,1,1,2,300,150,1050,600,39.46666666666667,57.0,62.0
202012,1,1,1,2,312,325,1625,650,38.276923076923076,40.0,50.0
202012,1,1,1,2,313,69,345,138,43.47826086956522,40.0,50.0
202012,1,1,1,2,320,585,2340,1170,36.205128205128204,50.0,60.0
202012,1,1,1,2,683,87,609,348,33.10344827586207,57.0,62.0
202012,1,1,1,2,684,142,284,142,44.08450704225352,50.0,67.0
202012,1,1,1,2,707,827,1654,0,51.65659008464329,0.0,33.0
202012,1,1,1,2,730,154,770,308,38.701298701298704,40.0,50.0
202012,1,1,1,3,230,150,1050,600,39.46666666666667,57.0,62.0
202012,1,1,1,3,235,87,609,348,33.10344827586207,57.0,62.0
202012,1,1,1,3,237,142,284,142,44.08450704225352,50.0,67.0
202012,1,1,1,3,248,585,2340,1170,36.205128205128204,50.0,60.0
202012,1,1,1,3,264,827,1654,0,51.65659008464329,0.0,33.0
202012,1,1,1,3,287,154,770,308,38.701298701298704,40.0,50.0
202012,1,1,1,3,667,2,10,4,40.0,40.0,50.0
202012,1,1,1,3,668,4,20,8,30.0,40.0,50.0
202012,1,1,1,3,671,57,285,114,28.07017543859649,40.0,50.0
202012,1,1,1,3,692,113,226,113,38.4070796460177,50.0,67.0
202012,1,1,1,3,715,506,1012,0,50.47430830039526,0.0,33.0
202012,1,1,1,3,750,325,1625,650,38.276923076923076,40.0,50.0
202012,1,1,1,3,751,69,345,138,43.47826086956522,40.0,50.0
202012,1,1,2,1,-1,24,104,64,81.66666666666667,67.58333333333333,73.0
202012,1,1,2,1,207,8,56,32,30.0,57.0,62.0
202012,1,1,2,1,208,47,329,188,32.340425531914896,57.0,62.0
202012,1,1,2,1,210,10,70,40,28.0,57.0,62.0
202012,1,1,2,1,263,25,175,100,28.8,57.0,62.0
202012,1,1,2,1,278,57,228,171,51.92982456140351,75.0,80.0
202012,1,1,2,1,279,98,392,294,44.69387755102041,75.0,80.0
202012,1,1,2,1,283,24,72,72,28.333333333333332,100.0,100.0
202012,1,1,2,1,295,43,86,86,26.976744186046513,100.0,100.0
202012,1,1,2,1,297,68,136,136,41.470588235294116,100.0,100.0
202012,1,1,2,1,307,52,208,156,35.0,75.0,80.0
202012,1,1,2,1,308,9,36,27,120.0,75.0,80.0
202012,1,1,2,1,336,24,120,48,26.666666666666668,40.0,50.0
202012,1,1,2,1,662,47,329,188,32.340425531914896,57.0,62.0
202012,1,1,2,1,664,10,70,40,28.0,57.0,62.0
202012,1,1,2,1,706,25,175,100,28.8,57.0,62.0
202012,1,1,2,1,721,57,228,171,51.92982456140351,75.0,80.0
202012,1,1,2,1,722,98,392,294,44.69387755102041,75.0,80.0
202012,1,1,2,1,726,24,72,72,28.333333333333332,100.0,100.0
202012,1,1,2,1,737,43,86,86,26.976744186046513,100.0,100.0
202012,1,1,2,1,738,68,136,136,41.470588235294116,100.0,100.0
202012,1,1,2,1,745,52,208,156,35.0,75.0,80.0
202012,1,1,2,1,746,9,36,27,120.0,75.0,80.0
202012,1,1,2,1,772,24,120,48,26.666666666666668,40.0,50.0
202012,1,1,2,2,-1,12,47,34,115.0,80.91666666666667,83.83333333333333
202012,1,1,2,2,215,11,55,22,27.272727272727273,40.0,50.0
202012,1,1,2,2,216,4,20,8,25.0,40.0,50.0
202012,1,1,2,2,246,444,888,444,40.36036036036036,50.0,67.0
202012,1,1,2,2,281,132,264,264,39.24242424242424,100.0,100.0
202012,1,1,2,2,282,45,90,90,24.0,100.0,100.0
202012,1,1,2,2,301,17,119,68,25.88235294117647,57.0,62.0
202012,1,1,2,2,314,36,180,72,58.333333333333336,40.0,50.0
202012,1,1,2,2,315,27,135,54,29.62962962962963,40.0,50.0
202012,1,1,2,2,321,7,28,14,20.0,50.0,60.0
202012,1,1,2,2,325,168,336,336,50.476190476190474,100.0,100.0
202012,1,1,2,2,663,195,1365,780,38.87179487179487,57.0,62.0
202012,1,1,2,2,665,56,112,56,32.857142857142854,50.0,67.0
202012,1,1,2,2,705,49,343,196,28.571428571428573,57.0,62.0
202012,1,1,2,2,723,113,452,339,34.336283185840706,75.0,80.0
202012,1,1,2,2,727,40,120,120,29.0,100.0,100.0
202012,1,1,2,2,744,57,228,114,22.80701754385965,50.0,60.0
202012,1,1,2,2,747,64,256,192,29.6875,75.0,80.0
202012,1,1,2,2,748,5,15,15,32.0,100.0,100.0
202012,1,1,2,2,757,20,80,60,20.0,75.0,80.0
202012,1,1,2,3,-1,12,47,34,115.0,80.91666666666667,83.83333333333333
202012,1,1,2,3,209,195,1365,780,38.87179487179487,57.0,62.0
202012,1,1,2,3,211,56,112,56,32.857142857142854,50.0,67.0
202012,1,1,2,3,261,49,343,196,28.571428571428573,57.0,62.0
202012,1,1,2,3,280,113,452,339,34.336283185840706,75.0,80.0
202012,1,1,2,3,284,40,120,120,29.0,100.0,100.0
202012,1,1,2,3,296,168,336,336,50.476190476190474,100.0,100.0
202012,1,1,2,3,305,57,228,114,22.80701754385965,50.0,60.0
202012,1,1,2,3,309,64,256,192,29.6875,75.0,80.0
202012,1,1,2,3,310,5,15,15,32.0,100.0,100.0
202012,1,1,2,3,319,20,80,60,20.0,75.0,80.0
202012,1,1,2,3,669,11,55,22,27.272727272727273,40.0,50.0
202012,1,1,2,3,670,4,20,8,25.0,40.0,50.0
202012,1,1,2,3,693,444,888,444,40.36036036036036,50.0,67.0
202012,1,1,2,3,724,132,264,264,39.24242424242424,100.0,100.0
202012,1,1,2,3,725,45,90,90,24.0,100.0,100.0
202012,1,1,2,3,740,17,119,68,25.88235294117647,57.0,62.0
202012,1,1,2,3,752,36,180,72,58.333333333333336,40.0,50.0
202012,1,1,2,3,753,27,135,54,29.62962962962963,40.0,50.0
202012,1,1,2,3,758,7,28,14,20.0,50.0,60.0
202101,1,1,0,0,-1,16,98,16,97.5,19.875,32.5
202101,1,1,0,0,222,54,270,108,34.81481481481482,40.0,50.0
202101,1,1,0,0,225,145,725,290,29.24137931034483,40.0,50.0
202101,1,1,0,0,241,131,524,262,29.770992366412212,50.0,60.0
202101,1,1,0,0,244,172,860,344,38.372093023255815,40.0,50.0
202101,1,1,0,0,258,13,104,13,32.30769230769231,12.0,22.0
202101,1,1,0,0,260,22,176,22,23.636363636363637,12.0,22.0
202101,1,1,0,0,329,82,656,82,38.292682926829265,12.0,22.0
202101,1,1,0,0,330,491,3928,491,38.77800407331976,12.0,22.0
202101,1,1,0,0,333,89,712,89,28.089887640449437,12.0,22.0
202101,1,1,0,0,676,54,270,108,34.81481481481482,40.0,50.0
202101,1,1,0,0,679,145,725,290,29.24137931034483,40.0,50.0
202101,1,1,0,0,688,131,524,262,29.770992366412212,50.0,60.0
202101,1,1,0,0,691,172,860,344,38.372093023255815,40.0,50.0
202101,1,1,0,0,702,13,104,13,32.30769230769231,12.0,22.0
202101,1,1,0,0,704,22,176,22,23.636363636363637,12.0,22.0
202101,1,1,0,0,765,82,656,82,38.292682926829265,12.0,22.0
202101,1,1,0,0,766,491,3928,491,38.77800407331976,12.0,22.0
202101,1,1,0,0,769,89,712,89,28.089887640449437,12.0,22.0
202101,1,1,1,0,-1,14,60,18,45.714285714285715,32.0,46.0
202101,1,1,1,0,212,116,232,116,36.37931034482759,50.0,67.0
202101,1,1,1,0,218,761,3044,1522,45.57161629434954,50.0,60.0
202101,1,1,1,0,221,111,444,222,35.85585585585586,50.0,60.0
202101,1,1,1,0,223,24,120,48,41.666666666666664,40.0,50.0
202101,1,1,1,0,224,27,135,54,25.925925925925927,40.0,50.0
202101,1,1,1,0,240,229,916,458,44.19213973799127,50.0,60.0
202101,1,1,1,0,242,13,65,26,23.076923076923077,40.0,50.0
202101,1,1,1,0,243,17,85,34,23.529411764705884,40.0,50.0
202101,1,1,1,0,252,77,231,154,38.18181818181818,67.0,75.0
202101,1,1,1,0,266,260,2080,260,44.84615384615385,12.0,22.0
202101,1,1,1,0,268,223,1784,223,50.582959641255606,12.0,22.0
202101,1,1,1,0,269,347,2776,347,39.42363112391931,12.0,22.0
202101,1,1,1,0,274,5,15,10,24.0,67.0,75.0
202101,1,1,1,0,303,42,210,84,38.095238095238095,40.0,50.0
202101,1,1,1,0,304,111,444,222,28.10810810810811,50.0,60.0
202101,1,1,1,0,322,808,2424,1616,33.39108910891089,67.0,75.0
202101,1,1,1,0,326,10,50,20,24.0,40.0,50.0
202101,1,1,1,0,666,116,232,116,36.37931034482759,50.0,67.0
202101,1,1,1,0,672,761,3044,1522,45.57161629434954,50.0,60.0
202101,1,1,1,0,675,111,444,222,35.85585585585586,50.0,60.0
202101,1,1,1,0,677,24,120,48,41.666666666666664,40.0,50.0
202101,1,1,1,0,678,27,135,54,25.925925925925927,40.0,50.0
202101,1,1,1,0,687,229,916,458,44.19213973799127,50.0,60.0
202101,1,1,1,0,689,13,65,26,23.076923076923077,40.0,50.0
202101,1,1,1,0,690,17,85,34,23.529411764705884,40.0,50.0
202101,1,1,1,0,696,77,231,154,38.18181818181818,67.0,75.0
202101,1,1,1,0,709,260,2080,260,44.84615384615385,12.0,22.0
202101,1,1,1,0,711,223,1784,223,50.582959641255606,12.0,22.0
202101,1,1,1,0,712,347,2776,347,39.42363112391931,12.0,22.0
202101,1,1,1,0,717,5,15,10,24.0,67.0,75.0
202101,1,1,1,0,742,42,210,84,38.095238095238095,40.0,50.0
202101,1,1,1,0,743,111,444,222,28.10810810810811,50.0,60.0
202101,1,1,1,0,759,808,2424,1616,33.39108910891089,67.0,75.0
202101,1,1,1,0,762,10,50,20,24.0,40.0,50.0
202101,1,1,1,2,-1,6,22,5,90.0,18.666666666666668,40.166666666666664
202101,1,1,1,2,204,285,285,0,37.473684210526315,0.0,50.0
202101,1,1,1,2,213,11,55,22,27.272727272727273,40.0,50.0
202101,1,1,1,2,214,72,360,144,35.0,40.0,50.0
202101,1,1,1,2,217,65,325,130,34.76923076923077,40.0,50.0
202101,1,1,1,2,226,14,28,0,27.142857142857142,0.0,33.0
202101,1,1,1,2,245,117,234,117,39.65811965811966,50.0,67.0
202101,1,1,1,2,270,386,1158,772,37.35751295336787,67.0,75.0
202101,1,1,1,2,293,7,28,14,20.0,50.0,60.0
202101,1,1,1,2,299,77,231,77,34.54545454545455,33.0,50.0
202101,1,1,1,2,331,168,1344,168,41.42857142857143,12.0,22.0
202101,1,1,1,2,332,388,3104,388,30.412371134020617,12.0,22.0
202101,1,1,1,2,686,600,2400,1200,44.86666666666667,50.0,60.0
202101,1,1,1,2,703,7,56,7,25.714285714285715,12.0,22.0
202101,1,1,1,2,763,42,84,0,30.476190476190474,0.0,33.0
202101,1,1,1,2,764,329,2632,329,38.17629179331307,12.0,22.0
202101,1,1,1,3,-1,6,22,5,90.0,18.666666666666668,40.166666666666664
202101,1,1,1,3,239,600,2400,1200,44.86666666666667,50.0,60.0
202101,1,1,1,3,259,7,56,7,25.714285714285715,12.0,22.0
202101,1,1,1,3,294,77,231,77,34.54545454545455,33.0,50.0
202101,1,1,1,3,327,42,84,0,30.476190476190474,0.0,33.0
202101,1,1,1,3,328,329,2632,329,38.17629179331307,12.0,22.0
202101,1,1,1,3,661,285,285,0,37.473684210526315,0.0,50.0
202101,1,1,1,3,667,11,55,22,27.272727272727273,40.0,50.0
202101,1,1,1,3,668,72,360,144,35.0,40.0,50.0
202101,1,1,1,3,671,65,325,130,34.76923076923077,40.0,50.0
202101,1,1,1,3,680,14,28,0,27.142857142857142,0.0,33.0
202101,1,1,1,3,692,117,234,117,39.65811965811966,50.0,67.0
202101,1,1,1,3,713,386,1158,772,37.35751295336787,67.0,75.0
202101,1,1,1,3,736,7,28,14,20.0,50.0,60.0
202101,1,1,1,3,767,168,1344,168,41.42857142857143,12.0,22.0
202101,1,1,1,3,768,388,3104,388,30.412371134020617,12.0,22.0
202101,1,1,2,1,-1,8,24,16,115.0,67.0,75.0
202101,1,1,2,1,220,745,2980,1490,47.08724832214765,50.0,60.0
202101,1,1,2,1,253,69,207,138,26.956521739130434,67.0,75.0
202101,1,1,2,1,254,254,762,508,35.511811023622045,67.0,75.0
202101,1,1,2,1,275,146,584,438,58.21917808219178,75.0,80.0
202101,1,1,2,1,277,71,284,213,52.95774647887324,75.0,80.0
202101,1,1,2,1,286,117,468,351,66.66666666666667,75.0,80.0
202101,1,1,2,1,297,33,66,66,40.0,100.0,100.0
202101,1,1,2,1,302,9,45,18,20.0,40.0,50.0
202101,1,1,2,1,674,745,2980,1490,47.08724832214765,50.0,60.0
202101,1,1,2,1,697,69,207,138,26.956521739130434,67.0,75.0
202101,1,1,2,1,698,254,762,508,35.511811023622045,67.0,75.0
202101,1,1,2,1,718,146,584,438,58.21917808219178,75.0,80.0
202101,1,1,2,1,720,71,284,213,52.95774647887324,75.0,80.0
202101,1,1,2,1,729,117,468,351,66.66666666666667,75.0,80.0
202101,1,1,2,1,738,33,66,66,40.0,100.0,100.0
202101,1,1,2,1,741,9,45,18,20.0,40.0,50.0
202101,1,1,2,2,-1,3,9,6,120.0,67.0,75.0
202101,1,1,2,2,215,14,70,28,21.428571428571427,40.0,50.0
202101,1,1,2,2,216,11,55,22,29.09090909090909,40.0,50.0
202101,1,1,2,2,271,290,870,580,34.0,67.0,75.0
202101,1,1,2,2,292,145,580,290,37.93103448275862,50.0,60.0
202101,1,1,2,2,298,20,60,20,38.0,33.0,50.0
202101,1,1,2,2,323,20,80,60,120.0,75.0,80.0
202101,1,1,2,2,324,25,100,75,37.6,75.0,80.0
202101,1,1,2,2,325,576,1152,1152,44.0625,100.0,100.0
202101,1,1,2,2,665,70,140,70,41.42857142857143,50.0,67.0
202101,1,1,2,2,673,544,2176,1088,55.404411764705884,50.0,60.0
202101,1,1,2,2,695,60,180,120,29.333333333333332,67.0,75.0
202101,1,1,2,2,699,107,321,214,31.401869158878505,67.0,75.0
202101,1,1,2,2,710,570,4560,570,53.36842105263158,12.0,22.0
202101,1,1,2,2,716,62,186,124,30.967741935483872,67.0,75.0
202101,1,1,2,2,719,159,636,477,46.289308176100626,75.0,80.0
202101,1,1,2,2,723,18,72,54,28.88888888888889,75.0,80.0
202101,1,1,2,2,728,160,640,480,64.125,75.0,80.0
202101,1,1,2,3,-1,3,9,6,120.0,67.0,75.0
202101,1,1,2,3,211,70,140,70,41.42857142857143,50.0,67.0
202101,1,1,2,3,219,544,2176,1088,55.404411764705884,50.0,60.0
202101,1,1,2,3,251,60,180,120,29.333333333333332,67.0,75.0
202101,1,1,2,3,255,107,321,214,31.401869158878505,67.0,75.0
202101,1,1,2,3,267,570,4560,570,53.36842105263158,12.0,22.0
202101,1,1,2,3,273,62,186,124,30.967741935483872,67.0,75.0
202101,1,1,2,3,276,159,636,477,46.289308176100626,75.0,80.0
202101,1,1,2,3,280,18,72,54,28.88888888888889,75.0,80.0
202101,1,1,2,3,285,160,640,480,64.125,75.0,80.0
202101,1,1,2,3,296,576,1152,1152,44.0625,100.0,100.0
202101,1,1,2,3,669,14,70,28,21.428571428571427,40.0,50.0
202101,1,1,2,3,670,11,55,22,29.09090909090909,40.0,50.0
202101,1,1,2,3,714,290,870,580,34.0,67.0,75.0
202101,1,1,2,3,735,145,580,290,37.93103448275862,50.0,60.0
202101,1,1,2,3,739,20,60,20,38.0,33.0,50.0
202101,1,1,2,3,760,20,80,60,120.0,75.0,80.0
202101,1,1,2,3,761,25,100,75,37.6,75.0,80.0
202102,1,1,1,0,322,268,804,536,32.16417910447761,67.0,75.0
202102,1,1,1,0,759,268,804,536,32.16417910447761,67.0,75.0
202102,1,1,1,2,270,217,651,434,36.866359447004605,67.0,75.0
202102,1,1,1,3,713,217,651,434,36.866359447004605,67.0,75.0
202102,1,1,2,1,254,28,84,56,37.857142857142854,67.0,75.0
202102,1,1,2,1,698,28,84,56,37.857142857142854,67.0,75.0
202102,1,1,2,2,271,167,501,334,37.24550898203593,67.0,75.0
202102,1,1,2,2,716,2,6,4,20.0,67.0,75.0
202102,1,1,2,3,273,2,6,4,20.0,67.0,75.0
202102,1,1,2,3,714,167,501,334,37.24550898203593,67.0,75.0
202103,1,1,1,0,362,17,51,17,23.529411764705884,33.0,50.0
202103,1,1,1,0,796,17,51,17,23.529411764705884,33.0,50.0
202103,1,1,1,2,794,2,6,2,40.0,33.0,50.0
202103,1,1,1,2,795,1,3,1,120.0,33.0,50.0
202103,1,1,1,3,360,2,6,2,40.0,33.0,50.0
202103,1,1,1,3,361,1,3,1,120.0,33.0,50.0
202103,1,1,2,1,-1,8,24,24,35.0,100.0,100.0
202103,1,1,2,1,340,11,33,33,34.54545454545455,100.0,100.0
202103,1,1,2,1,342,419,1257,1257,43.7708830548926,100.0,100.0
202103,1,1,2,1,346,11,55,44,36.36363636363637,80.0,83.0
202103,1,1,2,1,348,255,765,765,32.94117647058823,100.0,100.0
202103,1,1,2,1,349,39,117,117,36.92307692307692,100.0,100.0
202103,1,1,2,1,352,255,765,765,32.94117647058823,100.0,100.0
202103,1,1,2,1,776,11,33,33,34.54545454545455,100.0,100.0
202103,1,1,2,1,778,419,1257,1257,43.7708830548926,100.0,100.0
202103,1,1,2,1,782,11,55,44,36.36363636363637,80.0,83.0
202103,1,1,2,1,784,39,117,117,36.92307692307692,100.0,100.0
202103,1,1,2,2,-1,4,14,13,100.0,95.0,95.75
202103,1,1,2,2,359,11,55,44,27.272727272727273,80.0,83.0
202103,1,1,2,2,364,38,114,114,25.789473684210527,100.0,100.0
202103,1,1,2,2,365,9,27,9,46.666666666666664,33.0,50.0
202103,1,1,2,2,777,145,435,435,38.48275862068966,100.0,100.0
202103,1,1,2,2,781,5,25,20,20.0,80.0,83.0
202103,1,1,2,2,783,6,18,18,26.666666666666668,100.0,100.0
202103,1,1,2,2,785,24,72,72,25.0,100.0,100.0
202103,1,1,2,2,787,8,24,24,20.0,100.0,100.0
202103,1,1,2,3,-1,4,14,13,100.0,95.0,95.75
202103,1,1,2,3,341,145,435,435,38.48275862068966,100.0,100.0
202103,1,1,2,3,345,5,25,20,20.0,80.0,83.0
202103,1,1,2,3,347,6,18,18,26.666666666666668,100.0,100.0
202103,1,1,2,3,350,24,72,72,25.0,100.0,100.0
202103,1,1,2,3,353,8,24,24,20.0,100.0,100.0
202103,1,1,2,3,793,11,55,44,27.272727272727273,80.0,83.0
202103,1,1,2,3,798,38,114,114,25.789473684210527,100.0,100.0
202103,1,1,2,3,799,9,27,9,46.666666666666664,33.0,50.0
202104,1,1,1,0,362,140,420,140,32.57142857142857,33.0,50.0
202104,1,1,1,0,796,140,420,140,32.57142857142857,33.0,50.0
202104,1,1,1,1,-1,10,50,40,76.0,80.0,83.0
202104,1,1,1,1,344,6,30,24,20.0,80.0,83.0
202104,1,1,1,1,354,9,45,36,26.666666666666668,80.0,83.0
202104,1,1,1,1,358,5,25,20,32.0,80.0,83.0
202104,1,1,1,1,780,6,30,24,20.0,80.0,83.0
202104,1,1,1,1,788,9,45,36,26.666666666666668,80.0,83.0
202104,1,1,1,1,792,5,25,20,32.0,80.0,83.0
202104,1,1,1,2,-1,1,5,4,120.0,80.0,83.0
202104,1,1,1,2,791,8,40,32,20.0,80.0,83.0
202104,1,1,1,2,794,53,159,53,24.528301886792452,33.0,50.0
202104,1,1,1,2,795,4,12,4,120.0,33.0,50.0
202104,1,1,1,2,797,125,125,0,33.92,0.0,50.0
202104,1,1,1,3,-1,1,5,4,120.0,80.0,83.0
202104,1,1,1,3,357,8,40,32,20.0,80.0,83.0
202104,1,1,1,3,360,53,159,53,24.528301886792452,33.0,50.0
202104,1,1,1,3,361,4,12,4,120.0,33.0,50.0
202104,1,1,1,3,363,125,125,0,33.92,0.0,50.0
202104,1,1,2,1,-1,10,50,40,112.0,80.0,83.0
202104,1,1,2,1,337,9,45,36,31.11111111111111,80.0,83.0
202104,1,1,2,1,338,21,105,84,37.142857142857146,80.0,83.0
202104,1,1,2,1,339,13,65,52,24.615384615384617,80.0,83.0
202104,1,1,2,1,343,5,25,20,32.0,80.0,83.0
202104,1,1,2,1,346,16,80,64,28.75,80.0,83.0
202104,1,1,2,1,356,29,145,116,55.86206896551724,80.0,83.0
202104,1,1,2,1,773,9,45,36,31.11111111111111,80.0,83.0
202104,1,1,2,1,774,21,105,84,37.142857142857146,80.0,83.0
202104,1,1,2,1,775,13,65,52,24.615384615384617,80.0,83.0
202104,1,1,2,1,779,5,25,20,32.0,80.0,83.0
202104,1,1,2,1,782,16,80,64,28.75,80.0,83.0
202104,1,1,2,1,790,29,145,116,55.86206896551724,80.0,83.0
202104,1,1,2,2,-1,11,52,41,80.0,77.27272727272727,81.54545454545455
202104,1,1,2,2,351,51,102,51,29.80392156862745,50.0,67.0
202104,1,1,2,2,359,18,90,72,28.88888888888889,80.0,83.0
202104,1,1,2,2,365,94,282,94,31.06382978723404,33.0,50.0
202104,1,1,2,2,781,40,200,160,29.0,80.0,83.0
202104,1,1,2,2,789,7,35,28,31.428571428571427,80.0,83.0
202104,1,1,2,3,-1,11,52,41,80.0,77.27272727272727,81.54545454545455
202104,1,1,2,3,345,40,200,160,29.0,80.0,83.0
202104,1,1,2,3,355,7,35,28,31.428571428571427,80.0,83.0
202104,1,1,2,3,786,51,102,51,29.80392156862745,50.0,67.0
202104,1,1,2,3,793,18,90,72,28.88888888888889,80.0,83.0
202104,1,1,2,3,799,94,282,94,31.06382978723404,33.0,50.0
202105,0,0,1,1,105,68,272,204,53.8235294117647,75.0,80.0
202105,0,0,1,1,120,326,1304,978,62.69938650306749,75.0,80.0
202105,0,0,1,1,192,314,1256,942,45.095541401273884,75.0,80.0
202105,0,0,1,1,578,68,272,204,53.8235294117647,75.0,80.0
202105,0,0,1,1,591,326,1304,978,62.69938650306749,75.0,80.0
202105,0,0,1,1,649,314,1256,942,45.095541401273884,75.0,80.0
202105,0,0,1,2,-1,3,6,3,53.333333333333336,50.0,67.0
202105,0,0,1,2,108,575,2300,1725,63.89565217391304,75.0,80.0
202105,0,0,1,2,561,41,82,0,35.609756097560975,0.0,33.0
202105,0,0,1,3,-1,3,6,3,53.333333333333336,50.0,67.0
202105,0,0,1,3,80,41,82,0,35.609756097560975,0.0,33.0
202105,0,0,1,3,581,575,2300,1725,63.89565217391304,75.0,80.0
202105,0,0,2,1,-1,12,72,60,106.66666666666667,83.0,86.0
202105,0,0,2,1,104,75,300,225,56.0,75.0,80.0
202105,0,0,2,1,106,35,140,105,57.714285714285715,75.0,80.0
202105,0,0,2,1,121,248,992,744,58.70967741935484,75.0,80.0
202105,0,0,2,1,122,55,330,275,36.36363636363637,83.0,86.0
202105,0,0,2,1,141,26,156,130,30.76923076923077,83.0,86.0
202105,0,0,2,1,142,922,5532,4610,47.76572668112798,83.0,86.0
202105,0,0,2,1,185,26,156,130,30.76923076923077,83.0,86.0
202105,0,0,2,1,577,75,300,225,56.0,75.0,80.0
202105,0,0,2,1,579,35,140,105,57.714285714285715,75.0,80.0
202105,0,0,2,1,592,248,992,744,58.70967741935484,75.0,80.0
202105,0,0,2,1,593,55,330,275,36.36363636363637,83.0,86.0
202105,0,0,2,2,-1,2,12,10,120.0,83.0,86.0
202105,0,0,2,2,107,195,780,585,66.87179487179488,75.0,80.0
202105,0,0,2,2,109,398,1592,1194,58.14070351758794,75.0,80.0
202105,0,0,2,2,176,7,42,35,25.714285714285715,83.0,86.0
202105,0,0,2,2,177,155,930,775,43.87096774193548,83.0,86.0
202105,0,0,2,2,576,55,220,165,62.90909090909091,75.0,80.0
202105,0,0,2,2,594,73,438,365,50.136986301369866,83.0,86.0
202105,0,0,2,3,-1,2,12,10,120.0,83.0,86.0
202105,0,0,2,3,103,55,220,165,62.90909090909091,75.0,80.0
202105,0,0,2,3,123,73,438,365,50.136986301369866,83.0,86.0
202105,0,0,2,3,140,155,930,775,43.87096774193548,83.0,86.0
202105,0,0,2,3,580,195,780,585,66.87179487179488,75.0,80.0
202105,0,0,2,3,582,398,1592,1194,58.14070351758794,75.0,80.0
202105,0,0,2,3,635,7,42,35,25.714285714285715,83.0,86.0
202105,1,1,0,0,396,337,1348,674,43.26409495548961,50.0,60.0
202105,1,1,0,0,475,101,404,101,35.84158415841584,25.0,40.0
202105,1,1,0,0,480,21,84,21,27.61904761904762,25.0,40.0
202105,1,1,0,0,829,337,1348,674,43.26409495548961,50.0,60.0
202105,1,1,0,0,894,101,404,101,35.84158415841584,25.0,40.0
202105,1,1,0,0,899,21,84,21,27.61904761904762,25.0,40.0
202105,1,1,1,0,-1,12,40,20,110.0,50.0,62.333333333333336
202105,1,1,1,0,371,219,657,438,30.319634703196346,67.0,75.0
202105,1,1,1,0,399,43,172,86,53.48837209302326,50.0,60.0
202105,1,1,1,0,400,36,144,72,28.88888888888889,50.0,60.0
202105,1,1,1,0,429,32,128,64,43.125,50.0,60.0
202105,1,1,1,0,430,48,192,96,48.75,50.0,60.0
202105,1,1,1,0,465,5,10,5,20.0,50.0,67.0
202105,1,1,1,0,477,38,114,76,29.473684210526315,67.0,75.0
202105,1,1,1,0,478,1,3,2,120.0,67.0,75.0
202105,1,1,1,0,805,219,657,438,30.319634703196346,67.0,75.0
202105,1,1,1,0,832,43,172,86,53.48837209302326,50.0,60.0
202105,1,1,1,0,833,36,144,72,28.88888888888889,50.0,60.0
202105,1,1,1,0,855,32,128,64,43.125,50.0,60.0
202105,1,1,1,0,856,48,192,96,48.75,50.0,60.0
202105,1,1,1,0,886,5,10,5,20.0,50.0,67.0
202105,1,1,1,0,896,38,114,76,29.473684210526315,67.0,75.0
202105,1,1,1,0,897,1,3,2,120.0,67.0,75.0
202105,1,1,1,2,-1,4,5,1,25.0,12.5,54.25
202105,1,1,1,2,484,14,56,14,24.285714285714285,25.0,40.0
202105,1,1,1,2,830,93,372,186,33.763440860215056,50.0,60.0
202105,1,1,1,2,831,7,28,14,120.0,50.0,60.0
202105,1,1,1,2,854,58,232,116,46.89655172413793,50.0,60.0
202105,1,1,1,2,898,37,148,37,23.243243243243242,25.0,40.0
202105,1,1,1,3,-1,4,5,1,25.0,12.5,54.25
202105,1,1,1,3,397,93,372,186,33.763440860215056,50.0,60.0
202105,1,1,1,3,398,7,28,14,120.0,50.0,60.0
202105,1,1,1,3,428,58,232,116,46.89655172413793,50.0,60.0
202105,1,1,1,3,479,37,148,37,23.243243243243242,25.0,40.0
202105,1,1,1,3,903,14,56,14,24.285714285714285,25.0,40.0
202105,1,1,2,1,-1,16,44,44,82.5,100.0,100.0
202105,1,1,2,1,372,51,153,102,31.764705882352942,67.0,75.0
202105,1,1,2,1,391,13,26,26,24.615384615384617,100.0,100.0
202105,1,1,2,1,450,65,260,130,54.76923076923077,50.0,60.0
202105,1,1,2,1,457,139,278,278,39.42446043165467,100.0,100.0
202105,1,1,2,1,806,51,153,102,31.764705882352942,67.0,75.0
202105,1,1,2,1,824,13,26,26,24.615384615384617,100.0,100.0
202105,1,1,2,1,873,65,260,130,54.76923076923077,50.0,60.0
202105,1,1,2,1,880,139,278,278,39.42446043165467,100.0,100.0
202105,1,1,2,2,-1,4,15,8,110.0,54.25,63.75
202105,1,1,2,2,376,68,136,136,47.94117647058823,100.0,100.0
202105,1,1,2,2,377,46,92,92,55.65217391304348,100.0,100.0
202105,1,1,2,2,417,45,135,90,36.0,67.0,75.0
202105,1,1,2,2,444,27,108,54,35.55555555555556,50.0,60.0
202105,1,1,2,2,445,40,160,80,33.5,50.0,60.0
202105,1,1,2,2,476,80,320,320,45.75,100.0,100.0
202105,1,1,2,2,483,140,280,280,30.714285714285715,100.0,100.0
202105,1,1,2,2,804,8,24,16,20.0,67.0,75.0
202105,1,1,2,2,879,225,450,450,35.111111111111114,100.0,100.0
202105,1,1,2,2,887,16,32,16,26.25,50.0,67.0
202105,1,1,2,3,-1,4,15,8,110.0,54.25,63.75
202105,1,1,2,3,370,8,24,16,20.0,67.0,75.0
202105,1,1,2,3,456,225,450,450,35.111111111111114,100.0,100.0
202105,1,1,2,3,466,16,32,16,26.25,50.0,67.0
202105,1,1,2,3,810,68,136,136,47.94117647058823,100.0,100.0
202105,1,1,2,3,811,46,92,92,55.65217391304348,100.0,100.0
202105,1,1,2,3,845,45,135,90,36.0,67.0,75.0
202105,1,1,2,3,867,27,108,54,35.55555555555556,50.0,60.0
202105,1,1,2,3,868,40,160,80,33.5,50.0,60.0
202105,1,1,2,3,895,80,320,320,45.75,100.0,100.0
202105,1,1,2,3,902,140,280,280,30.714285714285715,100.0,100.0
202106,0,0,0,0,198,37,148,0,40.54054054054054,0.0,20.0
202106,0,0,0,0,203,8,32,0,30.0,0.0,20.0
202106,0,0,0,0,655,37,148,0,40.54054054054054,0.0,20.0
202106,0,0,0,0,660,8,32,0,30.0,0.0,20.0
202106,0,0,1,0,-1,4,8,4,90.0,50.0,67.0
202106,0,0,1,0,196,736,1472,736,47.55434782608695,50.0,67.0
202106,0,0,1,0,202,9,18,9,22.22222222222222,50.0,67.0
202106,0,0,1,0,653,736,1472,736,47.55434782608695,50.0,67.0
202106,0,0,1,0,659,9,18,9,22.22222222222222,50.0,67.0
202106,0,0,1,2,-1,1,4,0,120.0,0.0,20.0
202106,0,0,1,2,201,29,116,0,28.96551724137931,0.0,20.0
202106,0,0,1,2,561,44,88,0,50.45454545454545,0.0,33.0
202106,0,0,1,2,652,369,738,369,52.520325203252035,50.0,67.0
202106,0,0,1,2,654,29,116,0,26.20689655172414,0.0,20.0
202106,0,0,1,3,-1,1,4,0,120.0,0.0,20.0
202106,0,0,1,3,80,44,88,0,50.45454545454545,0.0,33.0
202106,0,0,1,3,195,369,738,369,52.520325203252035,50.0,67.0
202106,0,0,1,3,197,29,116,0,26.20689655172414,0.0,20.0
202106,0,0,1,3,658,29,116,0,28.96551724137931,0.0,20.0
202106,0,0,2,1,-1,4,12,12,120.0,100.0,100.0
202106,0,0,2,1,133,5,15,15,116.0,100.0,100.0
202106,0,0,2,1,134,21,63,63,29.523809523809526,100.0,100.0
202106,0,0,2,1,135,46,138,138,45.65217391304348,100.0,100.0
202106,0,0,2,1,181,22,66,66,25.454545454545453,100.0,100.0
202106,0,0,2,1,603,5,15,15,116.0,100.0,100.0
202106,0,0,2,1,604,21,63,63,29.523809523809526,100.0,100.0
202106,0,0,2,1,605,46,138,138,45.65217391304348,100.0,100.0
202106,0,0,2,1,639,22,66,66,25.454545454545453,100.0,100.0
202106,0,0,2,2,-1,6,13,12,120.0,91.66666666666667,94.5
202106,0,0,2,2,131,7,21,21,34.285714285714285,100.0,100.0
202106,0,0,2,2,132,79,237,237,38.734177215189874,100.0,100.0
202106,0,0,2,2,194,38,38,38,29.473684210526315,100.0,100.0
202106,0,0,2,2,199,187,374,187,40.32085561497326,50.0,67.0
202106,0,0,2,2,200,23,46,23,35.65217391304348,50.0,67.0
202106,0,0,2,3,-1,6,13,12,120.0,91.66666666666667,94.5
202106,0,0,2,3,601,7,21,21,34.285714285714285,100.0,100.0
202106,0,0,2,3,602,79,237,237,38.734177215189874,100.0,100.0
202106,0,0,2,3,651,38,38,38,29.473684210526315,100.0,100.0
202106,0,0,2,3,656,187,374,187,40.32085561497326,50.0,67.0
202106,0,0,2,3,657,23,46,23,35.65217391304348,50.0,67.0
202106,1,1,0,0,387,713,2139,0,39.32678821879383,0.0,25.0
202106,1,1,0,0,388,475,1425,0,33.6,0.0,25.0
202106,1,1,0,0,405,208,624,0,29.03846153846154,0.0,25.0
202106,1,1,0,0,820,713,2139,0,39.32678821879383,0.0,25.0
202106,1,1,0,0,821,475,1425,0,33.6,0.0,25.0
202106,1,1,0,0,836,208,624,0,29.03846153846154,0.0,25.0
202106,1,1,1,0,-1,2,6,4,120.0,67.0,75.0
202106,1,1,1,0,371,414,1242,828,41.594202898550726,67.0,75.0
202106,1,1,1,0,383,166,498,332,30.96385542168675,67.0,75.0
202106,1,1,1,0,437,7,21,14,34.285714285714285,67.0,75.0
202106,1,1,1,0,477,117,351,234,30.5982905982906,67.0,75.0
202106,1,1,1,0,478,5,15,10,120.0,67.0,75.0
202106,1,1,1,0,805,414,1242,828,41.594202898550726,67.0,75.0
202106,1,1,1,0,816,166,498,332,30.96385542168675,67.0,75.0
202106,1,1,1,0,862,7,21,14,34.285714285714285,67.0,75.0
202106,1,1,1,0,896,117,351,234,30.5982905982906,67.0,75.0
202106,1,1,1,0,897,5,15,10,120.0,67.0,75.0
202106,1,1,1,1,-1,2,8,6,20.0,75.0,80.0
202106,1,1,1,1,410,233,932,699,30.042918454935624,75.0,80.0
202106,1,1,1,1,468,233,932,699,30.042918454935624,75.0,80.0
202106,1,1,1,2,-1,7,22,11,82.85714285714286,49.0,61.42857142857143
202106,1,1,1,2,384,220,660,0,55.0,0.0,25.0
202106,1,1,1,2,385,138,414,0,34.927536231884055,0.0,25.0
202106,1,1,1,2,386,26,78,0,26.923076923076923,0.0,25.0
202106,1,1,1,2,888,16,64,48,31.25,75.0,80.0
202106,1,1,1,3,-1,7,22,11,82.85714285714286,49.0,61.42857142857143
202106,1,1,1,3,467,16,64,48,31.25,75.0,80.0
202106,1,1,1,3,817,220,660,0,55.0,0.0,25.0
202106,1,1,1,3,818,138,414,0,34.927536231884055,0.0,25.0
202106,1,1,1,3,819,26,78,0,26.923076923076923,0.0,25.0
202106,1,1,2,1,-1,50,270,242,99.2,98.68,99.0
202106,1,1,2,1,372,128,384,256,35.15625,67.0,75.0
202106,1,1,2,1,373,27,81,81,51.111111111111114,100.0,100.0
202106,1,1,2,1,374,168,504,504,75.23809523809524,100.0,100.0
202106,1,1,2,1,381,21,147,126,23.80952380952381,100.0,100.0
202106,1,1,2,1,382,25,75,50,28.0,67.0,75.0
202106,1,1,2,1,412,128,512,384,42.1875,75.0,80.0
202106,1,1,2,1,426,16,48,48,41.25,100.0,100.0
202106,1,1,2,1,447,687,2748,2748,47.219796215429405,100.0,100.0
202106,1,1,2,1,448,392,1568,1568,47.142857142857146,100.0,100.0
202106,1,1,2,1,449,113,452,452,38.76106194690266,100.0,100.0
202106,1,1,2,1,453,101,404,404,37.62376237623762,100.0,100.0
202106,1,1,2,1,454,51,204,204,28.627450980392158,100.0,100.0
202106,1,1,2,1,455,24,72,48,25.0,67.0,75.0
202106,1,1,2,1,457,20,40,40,51.0,100.0,100.0
202106,1,1,2,1,458,55,385,330,36.0,100.0,100.0
202106,1,1,2,1,459,12,84,72,26.666666666666668,100.0,100.0
202106,1,1,2,1,462,17,119,102,28.235294117647058,100.0,100.0
202106,1,1,2,1,463,21,147,126,23.80952380952381,100.0,100.0
202106,1,1,2,1,464,43,172,172,24.651162790697676,100.0,100.0
202106,1,1,2,1,469,6,42,36,23.333333333333332,100.0,100.0
202106,1,1,2,1,482,15,60,45,22.666666666666668,75.0,80.0
202106,1,1,2,1,806,128,384,256,35.15625,67.0,75.0
202106,1,1,2,1,807,27,81,81,51.111111111111114,100.0,100.0
202106,1,1,2,1,808,168,504,504,75.23809523809524,100.0,100.0
202106,1,1,2,1,815,25,75,50,28.0,67.0,75.0
202106,1,1,2,1,852,16,48,48,41.25,100.0,100.0
202106,1,1,2,1,870,687,2748,2748,47.219796215429405,100.0,100.0
202106,1,1,2,1,871,392,1568,1568,47.142857142857146,100.0,100.0
202106,1,1,2,1,872,113,452,452,38.76106194690266,100.0,100.0
202106,1,1,2,1,876,101,404,404,37.62376237623762,100.0,100.0
202106,1,1,2,1,877,51,204,204,28.627450980392158,100.0,100.0
202106,1,1,2,1,878,24,72,48,25.0,67.0,75.0
202106,1,1,2,1,880,20,40,40,51.0,100.0,100.0
202106,1,1,2,1,881,55,385,330,36.0,100.0,100.0
202106,1,1,2,1,882,12,84,72,26.666666666666668,100.0,100.0
202106,1,1,2,1,884,17,119,102,28.235294117647058,100.0,100.0
202106,1,1,2,1,885,43,172,172,24.651162790697676,100.0,100.0
202106,1,1,2,1,889,6,42,36,23.333333333333332,100.0,100.0
202106,1,1,2,1,901,15,60,45,22.666666666666668,75.0,80.0
202106,1,1,2,2,-1,20,82,67,55.0,82.25,86.5
202106,1,1,2,2,417,7,21,14,42.857142857142854,67.0,75.0
202106,1,1,2,2,431,63,252,252,42.53968253968254,100.0,100.0
202106,1,1,2,2,432,14,56,56,25.714285714285715,100.0,100.0
202106,1,1,2,2,433,14,56,56,24.285714285714285,100.0,100.0
202106,1,1,2,2,461,62,434,372,28.06451612903226,100.0,100.0
202106,1,1,2,2,472,25,100,75,32.8,75.0,80.0
202106,1,1,2,2,473,24,96,72,35.0,75.0,80.0
202106,1,1,2,2,483,69,138,138,37.10144927536232,100.0,100.0
202106,1,1,2,2,809,43,129,129,73.48837209302326,100.0,100.0
202106,1,1,2,2,853,42,126,126,59.04761904761905,100.0,100.0
202106,1,1,2,2,863,11,33,22,32.72727272727273,67.0,75.0
202106,1,1,2,2,879,41,82,82,47.31707317073171,100.0,100.0
202106,1,1,2,2,893,39,117,78,32.82051282051282,67.0,75.0
202106,1,1,2,3,-1,20,82,67,55.0,82.25,86.5
202106,1,1,2,3,375,43,129,129,73.48837209302326,100.0,100.0
202106,1,1,2,3,411,25,100,75,32.8,75.0,80.0
202106,1,1,2,3,427,42,126,126,59.04761904761905,100.0,100.0
202106,1,1,2,3,438,11,33,22,32.72727272727273,67.0,75.0
202106,1,1,2,3,456,41,82,82,47.31707317073171,100.0,100.0
202106,1,1,2,3,474,39,117,78,32.82051282051282,67.0,75.0
202106,1,1,2,3,845,7,21,14,42.857142857142854,67.0,75.0
202106,1,1,2,3,857,63,252,252,42.53968253968254,100.0,100.0
202106,1,1,2,3,858,14,56,56,25.714285714285715,100.0,100.0
202106,1,1,2,3,859,14,56,56,24.285714285714285,100.0,100.0
202106,1,1,2,3,883,62,434,372,28.06451612903226,100.0,100.0
202106,1,1,2,3,892,24,96,72,35.0,75.0,80.0
202106,1,1,2,3,902,69,138,138,37.10144927536232,100.0,100.0
202107,0,0,0,0,198,1,4,0,20.0,0.0,20.0
202107,0,0,0,0,655,1,4,0,20.0,0.0,20.0
202107,0,0,1,0,196,56,112,56,65.71428571428571,50.0,67.0
202107,0,0,1,0,653,56,112,56,65.71428571428571,50.0,67.0
202107,0,0,1,2,652,57,114,57,53.333333333333336,50.0,67.0
202107,0,0,1,3,195,57,114,57,53.333333333333336,50.0,67.0
202107,0,0,2,2,194,13,13,13,27.692307692307693,100.0,100.0
202107,0,0,2,2,199,28,56,28,35.714285714285715,50.0,67.0
202107,0,0,2,3,651,13,13,13,27.692307692307693,100.0,100.0
202107,0,0,2,3,656,28,56,28,35.714285714285715,50.0,67.0
202107,1,1,0,0,390,100,200,0,45.6,0.0,33.0
202107,1,1,0,0,823,100,200,0,45.6,0.0,33.0
202107,1,1,1,1,-1,8,56,48,100.0,86.0,88.0
202107,1,1,1,1,409,10,70,60,26.0,86.0,88.0
202107,1,1,1,1,420,187,1309,1122,39.25133689839572,86.0,88.0
202107,1,1,1,1,443,57,399,342,29.473684210526315,86.0,88.0
202107,1,1,1,1,840,10,70,60,26.0,86.0,88.0
202107,1,1,1,1,846,187,1309,1122,39.25133689839572,86.0,88.0
202107,1,1,1,1,866,57,399,342,29.473684210526315,86.0,88.0
202107,1,1,1,2,406,25,50,0,24.8,0.0,33.0
202107,1,1,1,2,415,68,476,408,49.411764705882355,86.0,88.0
202107,1,1,1,2,822,33,66,0,37.57575757575758,0.0,33.0
202107,1,1,1,3,389,33,66,0,37.57575757575758,0.0,33.0
202107,1,1,1,3,837,25,50,0,24.8,0.0,33.0
202107,1,1,1,3,843,68,476,408,49.411764705882355,86.0,88.0
202107,1,1,2,1,349,2,6,6,70.0,100.0,100.0
202107,1,1,2,1,393,26,156,156,50.76923076923077,100.0,100.0
202107,1,1,2,1,394,31,186,186,30.322580645161292,100.0,100.0
202107,1,1,2,1,395,5,30,30,120.0,100.0,100.0
202107,1,1,2,1,402,76,228,228,36.31578947368421,100.0,100.0
202107,1,1,2,1,407,285,1995,1710,53.12280701754386,86.0,88.0
202107,1,1,2,1,408,110,770,660,53.81818181818182,86.0,88.0
202107,1,1,2,1,418,1087,7609,6522,47.89328426862925,86.0,88.0
202107,1,1,2,1,419,220,1540,1320,51.45454545454545,86.0,88.0
202107,1,1,2,1,434,29,174,174,59.310344827586206,100.0,100.0
202107,1,1,2,1,439,358,716,716,39.55307262569833,100.0,100.0
202107,1,1,2,1,442,1087,7609,6522,47.89328426862925,86.0,88.0
202107,1,1,2,1,451,92,368,368,46.73913043478261,100.0,100.0
202107,1,1,2,1,452,96,384,384,47.708333333333336,100.0,100.0
202107,1,1,2,1,460,76,228,228,36.31578947368421,100.0,100.0
202107,1,1,2,1,471,713,2852,2852,39.43899018232819,100.0,100.0
202107,1,1,2,1,784,2,6,6,70.0,100.0,100.0
202107,1,1,2,1,826,26,156,156,50.76923076923077,100.0,100.0
202107,1,1,2,1,827,31,186,186,30.322580645161292,100.0,100.0
202107,1,1,2,1,828,5,30,30,120.0,100.0,100.0
202107,1,1,2,1,838,285,1995,1710,53.12280701754386,86.0,88.0
202107,1,1,2,1,839,110,770,660,53.81818181818182,86.0,88.0
202107,1,1,2,1,860,29,174,174,59.310344827586206,100.0,100.0
202107,1,1,2,1,874,92,368,368,46.73913043478261,100.0,100.0
202107,1,1,2,1,875,96,384,384,47.708333333333336,100.0,100.0
202107,1,1,2,1,891,713,2852,2852,39.43899018232819,100.0,100.0
202107,1,1,2,2,-1,9,60,54,64.44444444444444,90.66666666666667,92.0
202107,1,1,2,2,413,32,224,192,25.625,86.0,88.0
202107,1,1,2,2,414,20,140,120,31.0,86.0,88.0
202107,1,1,2,2,421,111,666,666,47.027027027027025,100.0,100.0
202107,1,1,2,2,422,14,84,84,34.285714285714285,100.0,100.0
202107,1,1,2,2,435,160,480,480,41.0,100.0,100.0
202107,1,1,2,2,436,45,135,135,31.11111111111111,100.0,100.0
202107,1,1,2,2,481,27,108,108,28.14814814814815,100.0,100.0
202107,1,1,2,2,825,28,168,168,26.428571428571427,100.0,100.0
202107,1,1,2,2,864,70,140,140,27.142857142857142,100.0,100.0
202107,1,1,2,2,865,5,10,10,120.0,100.0,100.0
202107,1,1,2,2,890,16,64,64,32.5,100.0,100.0
202107,1,1,2,3,-1,9,60,54,64.44444444444444,90.66666666666667,92.0
202107,1,1,2,3,392,28,168,168,26.428571428571427,100.0,100.0
202107,1,1,2,3,401,45,135,135,31.11111111111111,100.0,100.0
202107,1,1,2,3,440,70,140,140,27.142857142857142,100.0,100.0
202107,1,1,2,3,441,5,10,10,120.0,100.0,100.0
202107,1,1,2,3,470,16,64,64,32.5,100.0,100.0
202107,1,1,2,3,841,32,224,192,25.625,86.0,88.0
202107,1,1,2,3,842,20,140,120,31.0,86.0,88.0
202107,1,1,2,3,847,111,666,666,47.027027027027025,100.0,100.0
202107,1,1,2,3,848,14,84,84,34.285714285714285,100.0,100.0
202107,1,1,2,3,861,160,480,480,41.0,100.0,100.0
202107,1,1,2,3,900,27,108,108,28.14814814814815,100.0,100.0
202108,1,1,0,0,390,158,316,0,47.46835443037975,0.0,33.0
202108,1,1,0,0,416,1367,4101,0,47.812728602779806,0.0,25.0
202108,1,1,0,0,823,158,316,0,47.46835443037975,0.0,33.0
202108,1,1,0,0,844,1367,4101,0,47.812728602779806,0.0,25.0
202108,1,1,1,2,-1,3,3,0,120.0,0.0,50.0
202108,1,1,1,2,403,150,450,0,41.733333333333334,0.0,25.0
202108,1,1,1,2,404,345,1035,0,55.53623188405797,0.0,25.0
202108,1,1,1,2,406,25,50,0,25.6,0.0,33.0
202108,1,1,1,2,423,29,29,0,35.86206896551724,0.0,50.0
202108,1,1,1,2,822,26,52,0,33.07692307692308,0.0,33.0
202108,1,1,1,3,-1,3,3,0,120.0,0.0,50.0
202108,1,1,1,3,389,26,52,0,33.07692307692308,0.0,33.0
202108,1,1,1,3,834,150,450,0,41.733333333333334,0.0,25.0
202108,1,1,1,3,835,345,1035,0,55.53623188405797,0.0,25.0
202108,1,1,1,3,837,25,50,0,25.6,0.0,33.0
202108,1,1,1,3,849,29,29,0,35.86206896551724,0.0,50.0
202108,1,1,2,1,366,203,1015,1015,35.76354679802956,100.0,100.0
202108,1,1,2,1,367,306,1530,1530,41.30718954248366,100.0,100.0
202108,1,1,2,1,369,319,1595,1595,32.85266457680251,100.0,100.0
202108,1,1,2,1,378,65,325,325,53.53846153846154,100.0,100.0
202108,1,1,2,1,380,40,200,200,47.0,100.0,100.0
202108,1,1,2,1,425,73,365,365,35.89041095890411,100.0,100.0
202108,1,1,2,1,800,203,1015,1015,35.76354679802956,100.0,100.0
202108,1,1,2,1,801,306,1530,1530,41.30718954248366,100.0,100.0
202108,1,1,2,1,803,319,1595,1595,32.85266457680251,100.0,100.0
202108,1,1,2,1,812,65,325,325,53.53846153846154,100.0,100.0
202108,1,1,2,1,814,40,200,200,47.0,100.0,100.0
202108,1,1,2,1,851,73,365,365,35.89041095890411,100.0,100.0
202108,1,1,2,2,-1,2,10,10,110.0,100.0,100.0
202108,1,1,2,2,446,41,205,205,27.317073170731707,100.0,100.0
202108,1,1,2,2,802,343,1715,1715,39.7667638483965,100.0,100.0
202108,1,1,2,2,813,85,425,425,35.05882352941177,100.0,100.0
202108,1,1,2,2,850,179,895,895,42.79329608938548,100.0,100.0
202108,1,1,2,3,-1,2,10,10,110.0,100.0,100.0
202108,1,1,2,3,368,343,1715,1715,39.7667638483965,100.0,100.0
202108,1,1,2,3,379,85,425,425,35.05882352941177,100.0,100.0
202108,1,1,2,3,424,179,895,895,42.79329608938548,100.0,100.0
202108,1,1,2,3,869,41,205,205,27.317073170731707,100.0,100.0
