month_id,pair_sars,record_count,total_contacts,total_contacts_infected,avg_duration_sec,avg_hcir,avg_hh_ar
197001,0,9422,41948,3110,38.94714497983443,6.697091912545107,25.23795372532371
197001,1,14748,61576,23580,40.31190669921345,31.84947111472742,47.64524003254679
197001,2,20880,103414,78122,42.304597701149426,77.1088122605364,80.88362068965517
202011,0,994,2610,102,39.47686116700201,2.052313883299799,29.977867203219315
202011,1,3772,12478,4920,42.56627783669141,26.08695652173913,47.75291622481442
202011,2,5440,26464,15952,41.345588235294116,61.35294117647059,68.11617647058823
202012,0,4452,20914,9916,45.309973045822105,42.46271338724169,54.375112309074574
202012,1,9336,35980,15100,41.87232219365895,34.74250214224507,51.38838903170523
202012,2,4424,14604,9762,38.65280289330922,72.79204339963833,79.14828209764919
202101,0,2414,16008,3418,35.64208782104391,24.782932891466444,34.8003314001657
202101,1,11524,54862,17596,39.14960083304408,38.67979868101354,50.83234987851441
202101,2,8604,34590,17320,47.05718270571827,59.40097629009763,66.9049279404928
202102,1,970,2910,1940,34.2680412371134,67.0,75.0
202102,2,394,1182,788,37.15736040609137,67.0,75.0
202103,1,40,120,40,30.0,33.0,50.0
202103,2,1978,6046,5954,38.22042467138524,98.82406471183013,99.06370070778564
202104,1,712,1772,666,33.03370786516854,25.901685393258425,53.151685393258425
202104,2,638,2502,1676,35.73667711598746,61.260188087774296,70.66771159874608
202105,0,918,3672,1592,40.91503267973856,43.35511982570806,54.68409586056645
202105,1,3936,15002,10138,50.97560975609756,66.76117886178862,73.94817073170732
202105,2,5532,22450,18086,48.81417208966016,82.10050614605929,85.66052060737528
202106,0,2882,8736,0,35.933379597501734,0.0,24.84385843164469
202106,1,5140,13720,6594,43.31517509727627,47.650972762645914,62.52295719844358
202106,2,5840,21438,19888,44.39041095890411,92.51369863013699,94.63424657534246
202107,0,202,408,0,45.34653465346535,0.0,32.87128712871287
202107,1,994,5248,4138,43.501006036217305,67.77867203219316,76.80684104627767
202107,2,6838,36468,33112,44.42819537876572,92.83416203568295,93.93857853173442
202108,0,3050,8834,0,47.77704918032787,0.0,25.828852459016392
202108,1,1156,3238,0,48.996539792387544,0.0,27.089965397923876
202108,2,3312,16560,16560,38.63526570048309,100.0,100.0
