algorithm,cluster_id,record_count,total_contacts,total_contacts_infected,avg_duration_sec,avg_hcir,avg_hh_ar,n_cells,total_exposure,avg_exposure
KMeans,0,43074.0,179782.0,46920.0,40.2832335051307,27.023355156242744,42.34656637414682,,,
KMeans,1,43692.0,217198.0,171314.0,44.02911288107663,80.11530715005036,83.4589398516891,,,
KMeans,2,26888.0,99387.0,50918.0,42.16676584349896,49.94372954477834,62.616817911335914,,,
KMeans,3,26888.0,99387.0,50918.0,42.16676584349896,49.94372954477834,62.616817911335914,,,
DBSCAN,-1,650.0,2822.0,1798.0,87.01538461538462,64.45538461538462,72.14153846153846,,,
DBSCAN,0,137.0,548.0,274.0,38.1021897810219,50.0,60.0,,,
DBSCAN,1,5.0,20.0,10.0,32.0,50.0,60.0,,,
DBSCAN,2,13.0,52.0,26.0,36.92307692307692,50.0,60.0,,,
DBSCAN,3,6.0,24.0,12.0,26.666666666666668,50.0,60.0,,,
DBSCAN,4,268.0,536.0,0.0,34.776119402985074,0.0,33.0,,,
DBSCAN,5,87.0,174.0,0.0,35.86206896551724,0.0,33.0,,,
DBSCAN,6,25.0,75.0,0.0,28.8,0.0,25.0,,,
DBSCAN,7,214.0,642.0,0.0,33.45794392523364,0.0,25.0,,,
DBSCAN,8,159.0,477.0,0.0,42.138364779874216,0.0,25.0,,,
DBSCAN,9,122.0,366.0,0.0,35.57377049180328,0.0,25.0,,,
DBSCAN,10,25.0,150.0,0.0,31.2,0.0,14.0,,,
DBSCAN,11,57.0,342.0,0.0,29.82456140350877,0.0,14.0,,,
DBSCAN,12,223.0,1338.0,0.0,40.44843049327354,0.0,14.0,,,
DBSCAN,13,341.0,682.0,341.0,41.58357771260997,50.0,67.0,,,
DBSCAN,14,111.0,222.0,111.0,37.2972972972973,50.0,67.0,,,
DBSCAN,15,329.0,329.0,329.0,35.319148936170215,100.0,100.0,,,
DBSCAN,16,59.0,354.0,0.0,44.74576271186441,0.0,14.0,,,
DBSCAN,17,126.0,756.0,0.0,38.73015873015873,0.0,14.0,,,
DBSCAN,18,1141.0,5705.0,1141.0,41.84049079754601,20.0,33.0,,,
DBSCAN,19,59.0,295.0,59.0,42.03389830508475,20.0,33.0,,,
DBSCAN,20,559.0,2795.0,559.0,34.13237924865832,20.0,33.0,,,
DBSCAN,21,309.0,1545.0,309.0,33.72168284789644,20.0,33.0,,,
DBSCAN,22,364.0,1092.0,0.0,38.02197802197802,0.0,25.0,,,
DBSCAN,23,22.0,66.0,66.0,24.545454545454547,100.0,100.0,,,
DBSCAN,24,31.0,93.0,93.0,23.225806451612904,100.0,100.0,,,
DBSCAN,25,87.0,261.0,261.0,30.344827586206897,100.0,100.0,,,
DBSCAN,26,8.0,24.0,24.0,120.0,100.0,100.0,,,
DBSCAN,27,13.0,39.0,0.0,26.153846153846153,0.0,25.0,,,
DBSCAN,28,67.0,335.0,67.0,25.671641791044777,20.0,33.0,,,
DBSCAN,29,470.0,2350.0,470.0,41.319148936170215,20.0,33.0,,,
DBSCAN,30,289.0,1445.0,289.0,39.72318339100346,20.0,33.0,,,
DBSCAN,31,353.0,706.0,0.0,32.124645892351275,0.0,33.0,,,
DBSCAN,32,224.0,1344.0,0.0,55.535714285714285,0.0,14.0,,,
DBSCAN,33,215.0,1075.0,645.0,36.55813953488372,60.0,67.0,,,
DBSCAN,34,275.0,1375.0,825.0,36.58181818181818,60.0,67.0,,,
DBSCAN,35,105.0,525.0,315.0,33.523809523809526,60.0,67.0,,,
DBSCAN,36,527.0,2635.0,1581.0,42.2011385199241,60.0,67.0,,,
DBSCAN,37,168.0,840.0,504.0,43.095238095238095,60.0,67.0,,,
DBSCAN,38,31.0,155.0,62.0,29.677419354838708,40.0,50.0,,,
DBSCAN,39,249.0,1245.0,498.0,32.93172690763052,40.0,50.0,,,
DBSCAN,40,103.0,515.0,206.0,35.728155339805824,40.0,50.0,,,
DBSCAN,41,116.0,580.0,232.0,28.79310344827586,40.0,50.0,,,
DBSCAN,42,377.0,1885.0,1131.0,34.80106100795756,60.0,67.0,,,
DBSCAN,43,92.0,460.0,276.0,25.217391304347824,60.0,67.0,,,
DBSCAN,44,7.0,35.0,21.0,117.14285714285714,60.0,67.0,,,
DBSCAN,45,762.0,3810.0,2286.0,43.884514435695536,60.0,67.0,,,
DBSCAN,46,73.0,365.0,219.0,49.863013698630134,60.0,67.0,,,
DBSCAN,47,1430.0,8580.0,0.0,44.11188811188811,0.0,14.0,,,
DBSCAN,48,104.0,312.0,0.0,65.1923076923077,0.0,25.0,,,
DBSCAN,49,11.0,55.0,22.0,32.72727272727273,40.0,50.0,,,
DBSCAN,50,5.0,25.0,10.0,100.0,40.0,50.0,,,
DBSCAN,51,24.0,120.0,48.0,35.833333333333336,40.0,50.0,,,
DBSCAN,52,36.0,108.0,0.0,28.88888888888889,0.0,25.0,,,
DBSCAN,53,15.0,30.0,0.0,22.666666666666668,0.0,33.0,,,
DBSCAN,54,10.0,20.0,0.0,30.0,0.0,33.0,,,
DBSCAN,55,59.0,295.0,118.0,36.271186440677965,40.0,50.0,,,
DBSCAN,56,15.0,75.0,30.0,26.666666666666668,40.0,50.0,,,
DBSCAN,57,63.0,189.0,189.0,27.3015873015873,100.0,100.0,,,
DBSCAN,58,76.0,228.0,228.0,28.68421052631579,100.0,100.0,,,
DBSCAN,59,113.0,226.0,113.0,31.504424778761063,50.0,67.0,,,
DBSCAN,60,15.0,30.0,0.0,25.333333333333332,0.0,33.0,,,
DBSCAN,61,34.0,170.0,102.0,22.352941176470587,60.0,67.0,,,
DBSCAN,62,472.0,2360.0,1416.0,48.559322033898304,60.0,67.0,,,
DBSCAN,63,94.0,470.0,282.0,36.59574468085106,60.0,67.0,,,
DBSCAN,64,16.0,80.0,16.0,25.0,20.0,33.0,,,
DBSCAN,65,13.0,13.0,0.0,26.153846153846153,0.0,50.0,,,
DBSCAN,66,80.0,400.0,80.0,29.75,20.0,33.0,,,
DBSCAN,67,774.0,3870.0,774.0,40.723514211886304,20.0,33.0,,,
DBSCAN,68,7.0,35.0,14.0,22.857142857142858,40.0,50.0,,,
DBSCAN,69,138.0,690.0,414.0,24.92753623188406,60.0,67.0,,,
DBSCAN,70,8.0,40.0,24.0,120.0,60.0,67.0,,,
DBSCAN,71,7.0,35.0,21.0,120.0,60.0,67.0,,,
DBSCAN,72,10.0,50.0,30.0,22.0,60.0,67.0,,,
DBSCAN,73,101.0,505.0,303.0,45.54455445544554,60.0,67.0,,,
DBSCAN,74,80.0,400.0,80.0,29.75,20.0,33.0,,,
DBSCAN,75,78.0,234.0,234.0,23.846153846153847,100.0,100.0,,,
DBSCAN,76,11.0,44.0,33.0,27.272727272727273,75.0,80.0,,,
DBSCAN,77,5.0,20.0,15.0,120.0,75.0,80.0,,,
DBSCAN,78,74.0,296.0,222.0,35.13513513513514,75.0,80.0,,,
DBSCAN,79,102.0,408.0,306.0,36.666666666666664,75.0,80.0,,,
DBSCAN,80,85.0,170.0,0.0,43.294117647058826,0.0,33.0,,,
DBSCAN,81,128.0,512.0,0.0,31.09375,0.0,20.0,,,
DBSCAN,82,140.0,560.0,0.0,32.42857142857143,0.0,20.0,,,
DBSCAN,83,110.0,440.0,0.0,33.63636363636363,0.0,20.0,,,
DBSCAN,84,127.0,254.0,127.0,38.110236220472444,50.0,67.0,,,
DBSCAN,85,57.0,114.0,57.0,27.36842105263158,50.0,67.0,,,
DBSCAN,86,166.0,996.0,664.0,43.25301204819277,67.0,71.0,,,
DBSCAN,87,160.0,960.0,640.0,40.125,67.0,71.0,,,
DBSCAN,88,287.0,1722.0,1148.0,49.616724738675956,67.0,71.0,,,
DBSCAN,89,163.0,652.0,0.0,27.975460122699385,0.0,20.0,,,
DBSCAN,90,7.0,28.0,0.0,120.0,0.0,20.0,,,
DBSCAN,91,726.0,2904.0,0.0,36.74931129476584,0.0,20.0,,,
DBSCAN,92,338.0,1352.0,0.0,37.0414201183432,0.0,20.0,,,
DBSCAN,93,771.0,4626.0,3855.0,44.487678339818416,83.0,86.0,,,
DBSCAN,94,222.0,1332.0,1110.0,40.630630630630634,83.0,86.0,,,
DBSCAN,95,367.0,2202.0,1835.0,38.36512261580381,83.0,86.0,,,
DBSCAN,96,1620.0,9720.0,8100.0,51.135802469135804,83.0,86.0,,,
DBSCAN,97,228.0,1368.0,1140.0,37.719298245614034,83.0,86.0,,,
DBSCAN,98,511.0,3066.0,2555.0,42.857142857142854,83.0,86.0,,,
DBSCAN,99,164.0,984.0,820.0,40.609756097560975,83.0,86.0,,,
DBSCAN,100,180.0,1080.0,900.0,37.333333333333336,83.0,86.0,,,
DBSCAN,101,371.0,742.0,0.0,44.474393530997304,0.0,33.0,,,
DBSCAN,102,494.0,988.0,0.0,40.76923076923077,0.0,33.0,,,
DBSCAN,103,55.0,220.0,165.0,62.90909090909091,75.0,80.0,,,
DBSCAN,104,75.0,300.0,225.0,56.0,75.0,80.0,,,
DBSCAN,105,68.0,272.0,204.0,53.8235294117647,75.0,80.0,,,
DBSCAN,106,35.0,140.0,105.0,57.714285714285715,75.0,80.0,,,
DBSCAN,107,195.0,780.0,585.0,66.87179487179488,75.0,80.0,,,
DBSCAN,108,575.0,2300.0,1725.0,63.89565217391304,75.0,80.0,,,
DBSCAN,109,398.0,1592.0,1194.0,58.14070351758794,75.0,80.0,,,
DBSCAN,110,212.0,424.0,424.0,48.39622641509434,100.0,100.0,,,
DBSCAN,111,112.0,224.0,224.0,36.07142857142857,100.0,100.0,,,
DBSCAN,112,489.0,978.0,0.0,44.94887525562372,0.0,33.0,,,
DBSCAN,113,208.0,624.0,624.0,26.73076923076923,100.0,100.0,,,
DBSCAN,114,11.0,33.0,33.0,120.0,100.0,100.0,,,
DBSCAN,115,129.0,387.0,387.0,34.883720930232556,100.0,100.0,,,
DBSCAN,116,127.0,381.0,381.0,30.078740157480315,100.0,100.0,,,
DBSCAN,117,40.0,120.0,120.0,25.0,100.0,100.0,,,
DBSCAN,118,5.0,15.0,15.0,120.0,100.0,100.0,,,
DBSCAN,119,48.0,144.0,144.0,24.583333333333332,100.0,100.0,,,
DBSCAN,120,326.0,1304.0,978.0,62.69938650306749,75.0,80.0,,,
DBSCAN,121,248.0,992.0,744.0,58.70967741935484,75.0,80.0,,,
DBSCAN,122,55.0,330.0,275.0,36.36363636363637,83.0,86.0,,,
DBSCAN,123,73.0,438.0,365.0,50.136986301369866,83.0,86.0,,,
DBSCAN,124,39.0,117.0,117.0,24.615384615384617,100.0,100.0,,,
DBSCAN,125,183.0,549.0,549.0,32.459016393442624,100.0,100.0,,,
DBSCAN,126,37.0,222.0,185.0,28.10810810810811,83.0,86.0,,,
DBSCAN,127,72.0,432.0,360.0,37.22222222222222,83.0,86.0,,,
DBSCAN,128,771.0,4626.0,3855.0,44.487678339818416,83.0,86.0,,,
DBSCAN,129,48.0,288.0,240.0,25.416666666666668,83.0,86.0,,,
DBSCAN,130,35.0,210.0,175.0,34.285714285714285,83.0,86.0,,,
DBSCAN,131,7.0,21.0,21.0,34.285714285714285,100.0,100.0,,,
DBSCAN,132,79.0,237.0,237.0,38.734177215189874,100.0,100.0,,,
DBSCAN,133,5.0,15.0,15.0,116.0,100.0,100.0,,,
DBSCAN,134,21.0,63.0,63.0,29.523809523809526,100.0,100.0,,,
DBSCAN,135,46.0,138.0,138.0,45.65217391304348,100.0,100.0,,,
DBSCAN,136,40.0,120.0,120.0,25.0,100.0,100.0,,,
DBSCAN,137,163.0,652.0,0.0,27.975460122699385,0.0,20.0,,,
DBSCAN,138,7.0,28.0,0.0,120.0,0.0,20.0,,,
DBSCAN,139,232.0,928.0,0.0,38.01724137931034,0.0,20.0,,,
DBSCAN,140,155.0,930.0,775.0,43.87096774193548,83.0,86.0,,,
DBSCAN,141,26.0,156.0,130.0,30.76923076923077,83.0,86.0,,,
DBSCAN,142,922.0,5532.0,4610.0,47.76572668112798,83.0,86.0,,,
DBSCAN,143,5.0,15.0,15.0,120.0,100.0,100.0,,,
DBSCAN,144,16.0,96.0,80.0,22.5,83.0,86.0,,,
DBSCAN,145,222.0,1332.0,1110.0,40.630630630630634,83.0,86.0,,,
DBSCAN,146,18.0,108.0,90.0,27.77777777777778,83.0,86.0,,,
DBSCAN,147,7.0,42.0,35.0,28.571428571428573,83.0,86.0,,,
DBSCAN,148,193.0,772.0,579.0,41.865284974093264,75.0,80.0,,,
DBSCAN,149,432.0,1728.0,1296.0,40.55555555555556,75.0,80.0,,,
DBSCAN,150,168.0,672.0,504.0,38.095238095238095,75.0,80.0,,,
DBSCAN,151,15.0,60.0,45.0,32.0,75.0,80.0,,,
DBSCAN,152,114.0,456.0,342.0,37.36842105263158,75.0,80.0,,,
DBSCAN,153,172.0,688.0,516.0,33.95348837209303,75.0,80.0,,,
DBSCAN,154,406.0,1624.0,1218.0,45.566502463054185,75.0,80.0,,,
DBSCAN,155,53.0,212.0,159.0,41.886792452830186,75.0,80.0,,,
DBSCAN,156,123.0,246.0,123.0,33.00813008130081,50.0,67.0,,,
DBSCAN,157,511.0,3066.0,2555.0,42.857142857142854,83.0,86.0,,,
DBSCAN,158,245.0,1470.0,1225.0,46.285714285714285,83.0,86.0,,,
DBSCAN,159,221.0,1326.0,1105.0,46.334841628959275,83.0,86.0,,,
DBSCAN,160,261.0,1566.0,1305.0,39.84674329501916,83.0,86.0,,,
DBSCAN,161,107.0,642.0,428.0,43.73831775700935,67.0,71.0,,,
DBSCAN,162,157.0,942.0,628.0,34.77707006369427,67.0,71.0,,,
DBSCAN,163,60.0,240.0,120.0,43.0,50.0,60.0,,,
DBSCAN,164,37.0,148.0,74.0,39.45945945945946,50.0,60.0,,,
DBSCAN,165,38.0,152.0,76.0,32.10526315789474,50.0,60.0,,,
DBSCAN,166,44.0,176.0,88.0,54.54545454545455,50.0,60.0,,,
DBSCAN,167,1123.0,6738.0,4492.0,38.86019590382903,67.0,71.0,,,
DBSCAN,168,84.0,336.0,252.0,29.285714285714285,75.0,80.0,,,
DBSCAN,169,13.0,52.0,39.0,120.0,75.0,80.0,,,
DBSCAN,170,28.0,112.0,84.0,30.0,75.0,80.0,,,
DBSCAN,171,2628.0,15768.0,10512.0,58.721461187214615,67.0,71.0,,,
DBSCAN,172,8.0,48.0,32.0,27.5,67.0,71.0,,,
DBSCAN,173,367.0,2202.0,1835.0,38.36512261580381,83.0,86.0,,,
DBSCAN,174,6.0,36.0,30.0,23.333333333333332,83.0,86.0,,,
DBSCAN,175,14.0,84.0,70.0,20.0,83.0,86.0,,,
DBSCAN,176,7.0,42.0,35.0,25.714285714285715,83.0,86.0,,,
DBSCAN,177,155.0,930.0,775.0,43.87096774193548,83.0,86.0,,,
DBSCAN,178,85.0,510.0,425.0,44.0,83.0,86.0,,,
DBSCAN,179,22.0,132.0,110.0,37.27272727272727,83.0,86.0,,,
DBSCAN,180,6.0,12.0,12.0,23.333333333333332,100.0,100.0,,,
DBSCAN,181,22.0,66.0,66.0,25.454545454545453,100.0,100.0,,,
DBSCAN,182,27.0,162.0,135.0,25.185185185185187,83.0,86.0,,,
DBSCAN,183,9.0,36.0,27.0,28.88888888888889,75.0,80.0,,,
DBSCAN,184,71.0,426.0,355.0,38.309859154929576,83.0,86.0,,,
DBSCAN,185,26.0,156.0,130.0,30.76923076923077,83.0,86.0,,,
DBSCAN,186,42.0,84.0,42.0,30.0,50.0,67.0,,,
DBSCAN,187,20.0,80.0,40.0,40.0,50.0,60.0,,,
DBSCAN,188,47.0,188.0,94.0,39.57446808510638,50.0,60.0,,,
DBSCAN,189,14.0,56.0,28.0,27.142857142857142,50.0,60.0,,,
DBSCAN,190,14.0,56.0,28.0,25.714285714285715,50.0,60.0,,,
DBSCAN,191,246.0,492.0,492.0,39.1869918699187,100.0,100.0,,,
DBSCAN,192,314.0,1256.0,942.0,45.095541401273884,75.0,80.0,,,
DBSCAN,193,13.0,52.0,26.0,24.615384615384617,50.0,60.0,,,
DBSCAN,194,51.0,51.0,51.0,29.019607843137255,100.0,100.0,,,
DBSCAN,195,426.0,852.0,426.0,52.629107981220656,50.0,67.0,,,
DBSCAN,196,792.0,1584.0,792.0,48.83838383838384,50.0,67.0,,,
DBSCAN,197,29.0,116.0,0.0,26.20689655172414,0.0,20.0,,,
DBSCAN,198,38.0,152.0,0.0,40.0,0.0,20.0,,,
DBSCAN,199,215.0,430.0,215.0,39.72093023255814,50.0,67.0,,,
DBSCAN,200,23.0,46.0,23.0,35.65217391304348,50.0,67.0,,,
DBSCAN,201,29.0,116.0,0.0,28.96551724137931,0.0,20.0,,,
DBSCAN,202,9.0,18.0,9.0,22.22222222222222,50.0,67.0,,,
DBSCAN,203,8.0,32.0,0.0,30.0,0.0,20.0,,,
DBSCAN,204,285.0,285.0,0.0,37.473684210526315,0.0,50.0,,,
DBSCAN,205,306.0,2142.0,1224.0,39.28104575163399,57.0,62.0,,,
DBSCAN,206,122.0,854.0,488.0,37.21311475409836,57.0,62.0,,,
DBSCAN,207,8.0,56.0,32.0,30.0,57.0,62.0,,,
DBSCAN,208,47.0,329.0,188.0,32.340425531914896,57.0,62.0,,,
DBSCAN,209,195.0,1365.0,780.0,38.87179487179487,57.0,62.0,,,
DBSCAN,210,10.0,70.0,40.0,28.0,57.0,62.0,,,
DBSCAN,211,126.0,252.0,126.0,37.61904761904762,50.0,67.0,,,
DBSCAN,212,283.0,566.0,283.0,34.55830388692579,50.0,67.0,,,
DBSCAN,213,13.0,65.0,26.0,29.23076923076923,40.0,50.0,,,
DBSCAN,214,76.0,380.0,152.0,34.73684210526316,40.0,50.0,,,
DBSCAN,215,25.0,125.0,50.0,24.0,40.0,50.0,,,
DBSCAN,216,15.0,75.0,30.0,28.0,40.0,50.0,,,
DBSCAN,217,122.0,610.0,244.0,31.639344262295083,40.0,50.0,,,
DBSCAN,218,761.0,3044.0,1522.0,45.57161629434954,50.0,60.0,,,
DBSCAN,219,544.0,2176.0,1088.0,55.404411764705884,50.0,60.0,,,
DBSCAN,220,745.0,2980.0,1490.0,47.08724832214765,50.0,60.0,,,
DBSCAN,221,111.0,444.0,222.0,35.85585585585586,50.0,60.0,,,
DBSCAN,222,54.0,270.0,108.0,34.81481481481482,40.0,50.0,,,
DBSCAN,223,34.0,170.0,68.0,42.94117647058823,40.0,50.0,,,
DBSCAN,224,27.0,135.0,54.0,25.925925925925927,40.0,50.0,,,
DBSCAN,225,154.0,770.0,308.0,29.09090909090909,40.0,50.0,,,
DBSCAN,226,14.0,28.0,0.0,27.142857142857142,0.0,33.0,,,
DBSCAN,227,555.0,3885.0,2220.0,48.612612612612615,57.0,62.0,,,
DBSCAN,228,306.0,2142.0,1224.0,39.28104575163399,57.0,62.0,,,
DBSCAN,229,19.0,133.0,76.0,35.78947368421053,57.0,62.0,,,
DBSCAN,230,150.0,1050.0,600.0,39.46666666666667,57.0,62.0,,,
DBSCAN,231,102.0,714.0,408.0,44.705882352941174,57.0,62.0,,,
DBSCAN,232,11.0,77.0,44.0,23.636363636363637,57.0,62.0,,,
DBSCAN,233,122.0,854.0,488.0,37.21311475409836,57.0,62.0,,,
DBSCAN,234,20.0,140.0,80.0,28.0,57.0,62.0,,,
DBSCAN,235,87.0,609.0,348.0,33.10344827586207,57.0,62.0,,,
DBSCAN,236,555.0,3885.0,2220.0,48.612612612612615,57.0,62.0,,,
DBSCAN,237,142.0,284.0,142.0,44.08450704225352,50.0,67.0,,,
DBSCAN,238,130.0,260.0,130.0,40.46153846153846,50.0,67.0,,,
DBSCAN,239,600.0,2400.0,1200.0,44.86666666666667,50.0,60.0,,,
DBSCAN,240,229.0,916.0,458.0,44.19213973799127,50.0,60.0,,,
DBSCAN,241,131.0,524.0,262.0,29.770992366412212,50.0,60.0,,,
DBSCAN,242,13.0,65.0,26.0,23.076923076923077,40.0,50.0,,,
DBSCAN,243,17.0,85.0,34.0,23.529411764705884,40.0,50.0,,,
DBSCAN,244,176.0,880.0,352.0,38.06818181818182,40.0,50.0,,,
DBSCAN,245,230.0,460.0,230.0,39.04347826086956,50.0,67.0,,,
DBSCAN,246,444.0,888.0,444.0,40.36036036036036,50.0,67.0,,,
DBSCAN,247,458.0,1832.0,916.0,37.685589519650655,50.0,60.0,,,
DBSCAN,248,585.0,2340.0,1170.0,36.205128205128204,50.0,60.0,,,
DBSCAN,249,1860.0,7440.0,3720.0,47.935483870967744,50.0,60.0,,,
DBSCAN,250,84.0,336.0,168.0,61.904761904761905,50.0,60.0,,,
DBSCAN,251,60.0,180.0,120.0,29.333333333333332,67.0,75.0,,,
DBSCAN,252,77.0,231.0,154.0,38.18181818181818,67.0,75.0,,,
DBSCAN,253,69.0,207.0,138.0,26.956521739130434,67.0,75.0,,,
DBSCAN,254,282.0,846.0,564.0,35.744680851063826,67.0,75.0,,,
DBSCAN,255,107.0,321.0,214.0,31.401869158878505,67.0,75.0,,,
DBSCAN,256,7.0,14.0,0.0,20.0,0.0,33.0,,,
DBSCAN,257,26.0,52.0,0.0,42.30769230769231,0.0,33.0,,,
DBSCAN,258,13.0,104.0,13.0,32.30769230769231,12.0,22.0,,,
DBSCAN,259,7.0,56.0,7.0,25.714285714285715,12.0,22.0,,,
DBSCAN,260,22.0,176.0,22.0,23.636363636363637,12.0,22.0,,,
DBSCAN,261,49.0,343.0,196.0,28.571428571428573,57.0,62.0,,,
DBSCAN,262,19.0,133.0,76.0,35.78947368421053,57.0,62.0,,,
DBSCAN,263,25.0,175.0,100.0,28.8,57.0,62.0,,,
DBSCAN,264,1313.0,2626.0,0.0,50.66260472201066,0.0,33.0,,,
DBSCAN,265,443.0,886.0,0.0,42.121896162528216,0.0,33.0,,,
DBSCAN,266,260.0,2080.0,260.0,44.84615384615385,12.0,22.0,,,
DBSCAN,267,570.0,4560.0,570.0,53.36842105263158,12.0,22.0,,,
DBSCAN,268,223.0,1784.0,223.0,50.582959641255606,12.0,22.0,,,
DBSCAN,269,347.0,2776.0,347.0,39.42363112391931,12.0,22.0,,,
DBSCAN,270,603.0,1809.0,1206.0,37.18076285240464,67.0,75.0,,,
DBSCAN,271,457.0,1371.0,914.0,35.18599562363239,67.0,75.0,,,
DBSCAN,272,880.0,1760.0,0.0,49.47727272727273,0.0,33.0,,,
DBSCAN,273,64.0,192.0,128.0,30.625,67.0,75.0,,,
DBSCAN,274,5.0,15.0,10.0,24.0,67.0,75.0,,,
DBSCAN,275,146.0,584.0,438.0,58.21917808219178,75.0,80.0,,,
DBSCAN,276,159.0,636.0,477.0,46.289308176100626,75.0,80.0,,,
DBSCAN,277,71.0,284.0,213.0,52.95774647887324,75.0,80.0,,,
DBSCAN,278,57.0,228.0,171.0,51.92982456140351,75.0,80.0,,,
DBSCAN,279,98.0,392.0,294.0,44.69387755102041,75.0,80.0,,,
DBSCAN,280,131.0,524.0,393.0,33.587786259541986,75.0,80.0,,,
DBSCAN,281,132.0,264.0,264.0,39.24242424242424,100.0,100.0,,,
DBSCAN,282,45.0,90.0,90.0,24.0,100.0,100.0,,,
DBSCAN,283,24.0,72.0,72.0,28.333333333333332,100.0,100.0,,,
DBSCAN,284,40.0,120.0,120.0,29.0,100.0,100.0,,,
DBSCAN,285,160.0,640.0,480.0,64.125,75.0,80.0,,,
DBSCAN,286,117.0,468.0,351.0,66.66666666666667,75.0,80.0,,,
DBSCAN,287,154.0,770.0,308.0,38.701298701298704,40.0,50.0,,,
DBSCAN,288,113.0,565.0,226.0,38.584070796460175,40.0,50.0,,,
DBSCAN,289,34.0,170.0,68.0,27.647058823529413,40.0,50.0,,,
DBSCAN,290,22.0,110.0,44.0,28.181818181818183,40.0,50.0,,,
DBSCAN,291,15.0,75.0,30.0,28.0,40.0,50.0,,,
DBSCAN,292,145.0,580.0,290.0,37.93103448275862,50.0,60.0,,,
DBSCAN,293,7.0,28.0,14.0,20.0,50.0,60.0,,,
DBSCAN,294,77.0,231.0,77.0,34.54545454545455,33.0,50.0,,,
DBSCAN,295,43.0,86.0,86.0,26.976744186046513,100.0,100.0,,,
DBSCAN,296,744.0,1488.0,1488.0,45.51075268817204,100.0,100.0,,,
DBSCAN,297,101.0,202.0,202.0,40.99009900990099,100.0,100.0,,,
DBSCAN,298,20.0,60.0,20.0,38.0,33.0,50.0,,,
DBSCAN,299,77.0,231.0,77.0,34.54545454545455,33.0,50.0,,,
DBSCAN,300,150.0,1050.0,600.0,39.46666666666667,57.0,62.0,,,
DBSCAN,301,17.0,119.0,68.0,25.88235294117647,57.0,62.0,,,
DBSCAN,302,9.0,45.0,18.0,20.0,40.0,50.0,,,
DBSCAN,303,66.0,330.0,132.0,34.54545454545455,40.0,50.0,,,
DBSCAN,304,111.0,444.0,222.0,28.10810810810811,50.0,60.0,,,
DBSCAN,305,57.0,228.0,114.0,22.80701754385965,50.0,60.0,,,
DBSCAN,306,458.0,1832.0,916.0,37.685589519650655,50.0,60.0,,,
DBSCAN,307,52.0,208.0,156.0,35.0,75.0,80.0,,,
DBSCAN,308,9.0,36.0,27.0,120.0,75.0,80.0,,,
DBSCAN,309,64.0,256.0,192.0,29.6875,75.0,80.0,,,
DBSCAN,310,5.0,15.0,15.0,32.0,100.0,100.0,,,
DBSCAN,311,191.0,382.0,0.0,38.324607329842934,0.0,33.0,,,
DBSCAN,312,325.0,1625.0,650.0,38.276923076923076,40.0,50.0,,,
DBSCAN,313,69.0,345.0,138.0,43.47826086956522,40.0,50.0,,,
DBSCAN,314,36.0,180.0,72.0,58.333333333333336,40.0,50.0,,,
DBSCAN,315,27.0,135.0,54.0,29.62962962962963,40.0,50.0,,,
DBSCAN,316,177.0,885.0,354.0,35.81920903954802,40.0,50.0,,,
DBSCAN,317,69.0,345.0,138.0,45.21739130434783,40.0,50.0,,,
DBSCAN,318,105.0,525.0,210.0,35.61904761904762,40.0,50.0,,,
DBSCAN,319,20.0,80.0,60.0,20.0,75.0,80.0,,,
DBSCAN,320,585.0,2340.0,1170.0,36.205128205128204,50.0,60.0,,,
DBSCAN,321,7.0,28.0,14.0,20.0,50.0,60.0,,,
DBSCAN,322,1076.0,3228.0,2152.0,33.08550185873606,67.0,75.0,,,
DBSCAN,323,20.0,80.0,60.0,120.0,75.0,80.0,,,
DBSCAN,324,25.0,100.0,75.0,37.6,75.0,80.0,,,
DBSCAN,325,744.0,1488.0,1488.0,45.51075268817204,100.0,100.0,,,
DBSCAN,326,13.0,65.0,26.0,23.076923076923077,40.0,50.0,,,
DBSCAN,327,42.0,84.0,0.0,30.476190476190474,0.0,33.0,,,
DBSCAN,328,329.0,2632.0,329.0,38.17629179331307,12.0,22.0,,,
DBSCAN,329,82.0,656.0,82.0,38.292682926829265,12.0,22.0,,,
DBSCAN,330,491.0,3928.0,491.0,38.77800407331976,12.0,22.0,,,
DBSCAN,331,168.0,1344.0,168.0,41.42857142857143,12.0,22.0,,,
DBSCAN,332,388.0,3104.0,388.0,30.412371134020617,12.0,22.0,,,
DBSCAN,333,89.0,712.0,89.0,28.089887640449437,12.0,22.0,,,
DBSCAN,334,20.0,100.0,40.0,24.0,40.0,50.0,,,
DBSCAN,335,41.0,205.0,82.0,27.804878048780488,40.0,50.0,,,
DBSCAN,336,24.0,120.0,48.0,26.666666666666668,40.0,50.0,,,
DBSCAN,337,9.0,45.0,36.0,31.11111111111111,80.0,83.0,,,
DBSCAN,338,21.0,105.0,84.0,37.142857142857146,80.0,83.0,,,
DBSCAN,339,13.0,65.0,52.0,24.615384615384617,80.0,83.0,,,
DBSCAN,340,11.0,33.0,33.0,34.54545454545455,100.0,100.0,,,
DBSCAN,341,145.0,435.0,435.0,38.48275862068966,100.0,100.0,,,
DBSCAN,342,419.0,1257.0,1257.0,43.7708830548926,100.0,100.0,,,
DBSCAN,343,5.0,25.0,20.0,32.0,80.0,83.0,,,
DBSCAN,344,6.0,30.0,24.0,20.0,80.0,83.0,,,
DBSCAN,345,45.0,225.0,180.0,28.0,80.0,83.0,,,
DBSCAN,346,27.0,135.0,108.0,31.85185185185185,80.0,83.0,,,
DBSCAN,347,6.0,18.0,18.0,26.666666666666668,100.0,100.0,,,
DBSCAN,348,255.0,765.0,765.0,32.94117647058823,100.0,100.0,,,
DBSCAN,349,41.0,123.0,123.0,38.53658536585366,100.0,100.0,,,
DBSCAN,350,24.0,72.0,72.0,25.0,100.0,100.0,,,
DBSCAN,351,51.0,102.0,51.0,29.80392156862745,50.0,67.0,,,
DBSCAN,352,255.0,765.0,765.0,32.94117647058823,100.0,100.0,,,
DBSCAN,353,8.0,24.0,24.0,20.0,100.0,100.0,,,
DBSCAN,354,9.0,45.0,36.0,26.666666666666668,80.0,83.0,,,
DBSCAN,355,7.0,35.0,28.0,31.428571428571427,80.0,83.0,,,
DBSCAN,356,29.0,145.0,116.0,55.86206896551724,80.0,83.0,,,
DBSCAN,357,8.0,40.0,32.0,20.0,80.0,83.0,,,
DBSCAN,358,5.0,25.0,20.0,32.0,80.0,83.0,,,
DBSCAN,359,29.0,145.0,116.0,28.275862068965516,80.0,83.0,,,
DBSCAN,360,55.0,165.0,55.0,25.09090909090909,33.0,50.0,,,
DBSCAN,361,5.0,15.0,5.0,120.0,33.0,50.0,,,
DBSCAN,362,157.0,471.0,157.0,31.59235668789809,33.0,50.0,,,
DBSCAN,363,125.0,125.0,0.0,33.92,0.0,50.0,,,
DBSCAN,364,38.0,114.0,114.0,25.789473684210527,100.0,100.0,,,
DBSCAN,365,103.0,309.0,103.0,32.42718446601942,33.0,50.0,,,
DBSCAN,366,203.0,1015.0,1015.0,35.76354679802956,100.0,100.0,,,
DBSCAN,367,306.0,1530.0,1530.0,41.30718954248366,100.0,100.0,,,
DBSCAN,368,343.0,1715.0,1715.0,39.7667638483965,100.0,100.0,,,
DBSCAN,369,319.0,1595.0,1595.0,32.85266457680251,100.0,100.0,,,
DBSCAN,370,8.0,24.0,16.0,20.0,67.0,75.0,,,
DBSCAN,371,633.0,1899.0,1266.0,37.69352290679305,67.0,75.0,,,
DBSCAN,372,179.0,537.0,358.0,34.18994413407821,67.0,75.0,,,
DBSCAN,373,27.0,81.0,81.0,51.111111111111114,100.0,100.0,,,
DBSCAN,374,168.0,504.0,504.0,75.23809523809524,100.0,100.0,,,
DBSCAN,375,43.0,129.0,129.0,73.48837209302326,100.0,100.0,,,
DBSCAN,376,68.0,136.0,136.0,47.94117647058823,100.0,100.0,,,
DBSCAN,377,46.0,92.0,92.0,55.65217391304348,100.0,100.0,,,
DBSCAN,378,65.0,325.0,325.0,53.53846153846154,100.0,100.0,,,
DBSCAN,379,85.0,425.0,425.0,35.05882352941177,100.0,100.0,,,
DBSCAN,380,40.0,200.0,200.0,47.0,100.0,100.0,,,
DBSCAN,381,21.0,147.0,126.0,23.80952380952381,100.0,100.0,,,
DBSCAN,382,25.0,75.0,50.0,28.0,67.0,75.0,,,
DBSCAN,383,166.0,498.0,332.0,30.96385542168675,67.0,75.0,,,
DBSCAN,384,220.0,660.0,0.0,55.0,0.0,25.0,,,
DBSCAN,385,138.0,414.0,0.0,34.927536231884055,0.0,25.0,,,
DBSCAN,386,26.0,78.0,0.0,26.923076923076923,0.0,25.0,,,
DBSCAN,387,713.0,2139.0,0.0,39.32678821879383,0.0,25.0,,,
DBSCAN,388,475.0,1425.0,0.0,33.6,0.0,25.0,,,
DBSCAN,389,59.0,118.0,0.0,35.59322033898305,0.0,33.0,,,
DBSCAN,390,258.0,516.0,0.0,46.74418604651163,0.0,33.0,,,
DBSCAN,391,13.0,26.0,26.0,24.615384615384617,100.0,100.0,,,
DBSCAN,392,28.0,168.0,168.0,26.428571428571427,100.0,100.0,,,
DBSCAN,393,26.0,156.0,156.0,50.76923076923077,100.0,100.0,,,
DBSCAN,394,31.0,186.0,186.0,30.322580645161292,100.0,100.0,,,
DBSCAN,395,5.0,30.0,30.0,120.0,100.0,100.0,,,
DBSCAN,396,337.0,1348.0,674.0,43.26409495548961,50.0,60.0,,,
DBSCAN,397,93.0,372.0,186.0,33.763440860215056,50.0,60.0,,,
DBSCAN,398,7.0,28.0,14.0,120.0,50.0,60.0,,,
DBSCAN,399,43.0,172.0,86.0,53.48837209302326,50.0,60.0,,,
DBSCAN,400,36.0,144.0,72.0,28.88888888888889,50.0,60.0,,,
DBSCAN,401,45.0,135.0,135.0,31.11111111111111,100.0,100.0,,,
DBSCAN,402,76.0,228.0,228.0,36.31578947368421,100.0,100.0,,,
DBSCAN,403,150.0,450.0,0.0,41.733333333333334,0.0,25.0,,,
DBSCAN,404,345.0,1035.0,0.0,55.53623188405797,0.0,25.0,,,
DBSCAN,405,208.0,624.0,0.0,29.03846153846154,0.0,25.0,,,
DBSCAN,406,50.0,100.0,0.0,25.2,0.0,33.0,,,
DBSCAN,407,285.0,1995.0,1710.0,53.12280701754386,86.0,88.0,,,
DBSCAN,408,110.0,770.0,660.0,53.81818181818182,86.0,88.0,,,
DBSCAN,409,10.0,70.0,60.0,26.0,86.0,88.0,,,
DBSCAN,410,233.0,932.0,699.0,30.042918454935624,75.0,80.0,,,
DBSCAN,411,25.0,100.0,75.0,32.8,75.0,80.0,,,
DBSCAN,412,128.0,512.0,384.0,42.1875,75.0,80.0,,,
DBSCAN,413,32.0,224.0,192.0,25.625,86.0,88.0,,,
DBSCAN,414,20.0,140.0,120.0,31.0,86.0,88.0,,,
DBSCAN,415,68.0,476.0,408.0,49.411764705882355,86.0,88.0,,,
DBSCAN,416,1367.0,4101.0,0.0,47.812728602779806,0.0,25.0,,,
DBSCAN,417,52.0,156.0,104.0,36.92307692307692,67.0,75.0,,,
DBSCAN,418,1087.0,7609.0,6522.0,47.89328426862925,86.0,88.0,,,
DBSCAN,419,220.0,1540.0,1320.0,51.45454545454545,86.0,88.0,,,
DBSCAN,420,187.0,1309.0,1122.0,39.25133689839572,86.0,88.0,,,
DBSCAN,421,111.0,666.0,666.0,47.027027027027025,100.0,100.0,,,
DBSCAN,422,14.0,84.0,84.0,34.285714285714285,100.0,100.0,,,
DBSCAN,423,29.0,29.0,0.0,35.86206896551724,0.0,50.0,,,
DBSCAN,424,179.0,895.0,895.0,42.79329608938548,100.0,100.0,,,
DBSCAN,425,73.0,365.0,365.0,35.89041095890411,100.0,100.0,,,
DBSCAN,426,16.0,48.0,48.0,41.25,100.0,100.0,,,
DBSCAN,427,42.0,126.0,126.0,59.04761904761905,100.0,100.0,,,
DBSCAN,428,58.0,232.0,116.0,46.89655172413793,50.0,60.0,,,
DBSCAN,429,32.0,128.0,64.0,43.125,50.0,60.0,,,
DBSCAN,430,48.0,192.0,96.0,48.75,50.0,60.0,,,
DBSCAN,431,63.0,252.0,252.0,42.53968253968254,100.0,100.0,,,
DBSCAN,432,14.0,56.0,56.0,25.714285714285715,100.0,100.0,,,
DBSCAN,433,14.0,56.0,56.0,24.285714285714285,100.0,100.0,,,
DBSCAN,434,29.0,174.0,174.0,59.310344827586206,100.0,100.0,,,
DBSCAN,435,160.0,480.0,480.0,41.0,100.0,100.0,,,
DBSCAN,436,45.0,135.0,135.0,31.11111111111111,100.0,100.0,,,
DBSCAN,437,7.0,21.0,14.0,34.285714285714285,67.0,75.0,,,
DBSCAN,438,11.0,33.0,22.0,32.72727272727273,67.0,75.0,,,
DBSCAN,439,358.0,716.0,716.0,39.55307262569833,100.0,100.0,,,
DBSCAN,440,70.0,140.0,140.0,27.142857142857142,100.0,100.0,,,
DBSCAN,441,5.0,10.0,10.0,120.0,100.0,100.0,,,
DBSCAN,442,1087.0,7609.0,6522.0,47.89328426862925,86.0,88.0,,,
DBSCAN,443,57.0,399.0,342.0,29.473684210526315,86.0,88.0,,,
DBSCAN,444,27.0,108.0,54.0,35.55555555555556,50.0,60.0,,,
DBSCAN,445,40.0,160.0,80.0,33.5,50.0,60.0,,,
DBSCAN,446,41.0,205.0,205.0,27.317073170731707,100.0,100.0,,,
DBSCAN,447,687.0,2748.0,2748.0,47.219796215429405,100.0,100.0,,,
DBSCAN,448,392.0,1568.0,1568.0,47.142857142857146,100.0,100.0,,,
DBSCAN,449,113.0,452.0,452.0,38.76106194690266,100.0,100.0,,,
DBSCAN,450,65.0,260.0,130.0,54.76923076923077,50.0,60.0,,,
DBSCAN,451,92.0,368.0,368.0,46.73913043478261,100.0,100.0,,,
DBSCAN,452,96.0,384.0,384.0,47.708333333333336,100.0,100.0,,,
DBSCAN,453,101.0,404.0,404.0,37.62376237623762,100.0,100.0,,,
DBSCAN,454,51.0,204.0,204.0,28.627450980392158,100.0,100.0,,,
DBSCAN,455,24.0,72.0,48.0,25.0,67.0,75.0,,,
DBSCAN,456,266.0,532.0,532.0,36.99248120300752,100.0,100.0,,,
DBSCAN,457,159.0,318.0,318.0,40.880503144654085,100.0,100.0,,,
DBSCAN,458,55.0,385.0,330.0,36.0,100.0,100.0,,,
DBSCAN,459,12.0,84.0,72.0,26.666666666666668,100.0,100.0,,,
DBSCAN,460,76.0,228.0,228.0,36.31578947368421,100.0,100.0,,,
DBSCAN,461,62.0,434.0,372.0,28.06451612903226,100.0,100.0,,,
DBSCAN,462,17.0,119.0,102.0,28.235294117647058,100.0,100.0,,,
DBSCAN,463,21.0,147.0,126.0,23.80952380952381,100.0,100.0,,,
DBSCAN,464,43.0,172.0,172.0,24.651162790697676,100.0,100.0,,,
DBSCAN,465,5.0,10.0,5.0,20.0,50.0,67.0,,,
DBSCAN,466,16.0,32.0,16.0,26.25,50.0,67.0,,,
DBSCAN,467,16.0,64.0,48.0,31.25,75.0,80.0,,,
DBSCAN,468,233.0,932.0,699.0,30.042918454935624,75.0,80.0,,,
DBSCAN,469,6.0,42.0,36.0,23.333333333333332,100.0,100.0,,,
DBSCAN,470,16.0,64.0,64.0,32.5,100.0,100.0,,,
DBSCAN,471,713.0,2852.0,2852.0,39.43899018232819,100.0,100.0,,,
DBSCAN,472,25.0,100.0,75.0,32.8,75.0,80.0,,,
DBSCAN,473,24.0,96.0,72.0,35.0,75.0,80.0,,,
DBSCAN,474,39.0,117.0,78.0,32.82051282051282,67.0,75.0,,,
DBSCAN,475,101.0,404.0,101.0,35.84158415841584,25.0,40.0,,,
DBSCAN,476,80.0,320.0,320.0,45.75,100.0,100.0,,,
DBSCAN,477,155.0,465.0,310.0,30.322580645161292,67.0,75.0,,,
DBSCAN,478,6.0,18.0,12.0,120.0,67.0,75.0,,,
DBSCAN,479,37.0,148.0,37.0,23.243243243243242,25.0,40.0,,,
DBSCAN,480,21.0,84.0,21.0,27.61904761904762,25.0,40.0,,,
DBSCAN,481,27.0,108.0,108.0,28.14814814814815,100.0,100.0,,,
DBSCAN,482,15.0,60.0,45.0,22.666666666666668,75.0,80.0,,,
DBSCAN,483,209.0,418.0,418.0,32.822966507177036,100.0,100.0,,,
DBSCAN,484,14.0,56.0,14.0,24.285714285714285,25.0,40.0,,,
DBSCAN,485,137.0,548.0,274.0,38.1021897810219,50.0,60.0,,,
DBSCAN,486,5.0,20.0,10.0,32.0,50.0,60.0,,,
DBSCAN,487,13.0,52.0,26.0,36.92307692307692,50.0,60.0,,,
DBSCAN,488,6.0,24.0,12.0,26.666666666666668,50.0,60.0,,,
DBSCAN,489,268.0,536.0,0.0,34.776119402985074,0.0,33.0,,,
DBSCAN,490,87.0,174.0,0.0,35.86206896551724,0.0,33.0,,,
DBSCAN,491,25.0,75.0,0.0,28.8,0.0,25.0,,,
DBSCAN,492,214.0,642.0,0.0,33.45794392523364,0.0,25.0,,,
DBSCAN,493,159.0,477.0,0.0,42.138364779874216,0.0,25.0,,,
DBSCAN,494,122.0,366.0,0.0,35.57377049180328,0.0,25.0,,,
DBSCAN,495,25.0,150.0,0.0,31.2,0.0,14.0,,,
DBSCAN,496,57.0,342.0,0.0,29.82456140350877,0.0,14.0,,,
DBSCAN,497,223.0,1338.0,0.0,40.44843049327354,0.0,14.0,,,
DBSCAN,498,341.0,682.0,341.0,41.58357771260997,50.0,67.0,,,
DBSCAN,499,111.0,222.0,111.0,37.2972972972973,50.0,67.0,,,
DBSCAN,500,329.0,329.0,329.0,35.319148936170215,100.0,100.0,,,
DBSCAN,501,59.0,354.0,0.0,44.74576271186441,0.0,14.0,,,
DBSCAN,502,126.0,756.0,0.0,38.73015873015873,0.0,14.0,,,
DBSCAN,503,1141.0,5705.0,1141.0,41.84049079754601,20.0,33.0,,,
DBSCAN,504,59.0,295.0,59.0,42.03389830508475,20.0,33.0,,,
DBSCAN,505,559.0,2795.0,559.0,34.13237924865832,20.0,33.0,,,
DBSCAN,506,309.0,1545.0,309.0,33.72168284789644,20.0,33.0,,,
DBSCAN,507,364.0,1092.0,0.0,38.02197802197802,0.0,25.0,,,
DBSCAN,508,22.0,66.0,66.0,24.545454545454547,100.0,100.0,,,
DBSCAN,509,31.0,93.0,93.0,23.225806451612904,100.0,100.0,,,
DBSCAN,510,87.0,261.0,261.0,30.344827586206897,100.0,100.0,,,
DBSCAN,511,8.0,24.0,24.0,120.0,100.0,100.0,,,
DBSCAN,512,13.0,39.0,0.0,26.153846153846153,0.0,25.0,,,
DBSCAN,513,67.0,335.0,67.0,25.671641791044777,20.0,33.0,,,
DBSCAN,514,470.0,2350.0,470.0,41.319148936170215,20.0,33.0,,,
DBSCAN,515,289.0,1445.0,289.0,39.72318339100346,20.0,33.0,,,
DBSCAN,516,353.0,706.0,0.0,32.124645892351275,0.0,33.0,,,
DBSCAN,517,224.0,1344.0,0.0,55.535714285714285,0.0,14.0,,,
DBSCAN,518,215.0,1075.0,645.0,36.55813953488372,60.0,67.0,,,
DBSCAN,519,275.0,1375.0,825.0,36.58181818181818,60.0,67.0,,,
DBSCAN,520,105.0,525.0,315.0,33.523809523809526,60.0,67.0,,,
DBSCAN,521,527.0,2635.0,1581.0,42.2011385199241,60.0,67.0,,,
DBSCAN,522,168.0,840.0,504.0,43.095238095238095,60.0,67.0,,,
DBSCAN,523,31.0,155.0,62.0,29.677419354838708,40.0,50.0,,,
DBSCAN,524,249.0,1245.0,498.0,32.93172690763052,40.0,50.0,,,
DBSCAN,525,103.0,515.0,206.0,35.728155339805824,40.0,50.0,,,
DBSCAN,526,116.0,580.0,232.0,28.79310344827586,40.0,50.0,,,
DBSCAN,527,377.0,1885.0,1131.0,34.80106100795756,60.0,67.0,,,
DBSCAN,528,92.0,460.0,276.0,25.217391304347824,60.0,67.0,,,
DBSCAN,529,7.0,35.0,21.0,117.14285714285714,60.0,67.0,,,
DBSCAN,530,762.0,3810.0,2286.0,43.884514435695536,60.0,67.0,,,
DBSCAN,531,73.0,365.0,219.0,49.863013698630134,60.0,67.0,,,
DBSCAN,532,104.0,312.0,0.0,65.1923076923077,0.0,25.0,,,
DBSCAN,533,11.0,55.0,22.0,32.72727272727273,40.0,50.0,,,
DBSCAN,534,5.0,25.0,10.0,100.0,40.0,50.0,,,
DBSCAN,535,24.0,120.0,48.0,35.833333333333336,40.0,50.0,,,
DBSCAN,536,36.0,108.0,0.0,28.88888888888889,0.0,25.0,,,
DBSCAN,537,15.0,30.0,0.0,22.666666666666668,0.0,33.0,,,
DBSCAN,538,10.0,20.0,0.0,30.0,0.0,33.0,,,
DBSCAN,539,59.0,295.0,118.0,36.271186440677965,40.0,50.0,,,
DBSCAN,540,15.0,75.0,30.0,26.666666666666668,40.0,50.0,,,
DBSCAN,541,63.0,189.0,189.0,27.3015873015873,100.0,100.0,,,
DBSCAN,542,76.0,228.0,228.0,28.68421052631579,100.0,100.0,,,
DBSCAN,543,113.0,226.0,113.0,31.504424778761063,50.0,67.0,,,
DBSCAN,544,15.0,30.0,0.0,25.333333333333332,0.0,33.0,,,
DBSCAN,545,34.0,170.0,102.0,22.352941176470587,60.0,67.0,,,
DBSCAN,546,472.0,2360.0,1416.0,48.559322033898304,60.0,67.0,,,
DBSCAN,547,94.0,470.0,282.0,36.59574468085106,60.0,67.0,,,
DBSCAN,548,16.0,80.0,16.0,25.0,20.0,33.0,,,
DBSCAN,549,13.0,13.0,0.0,26.153846153846153,0.0,50.0,,,
DBSCAN,550,7.0,35.0,14.0,22.857142857142858,40.0,50.0,,,
DBSCAN,551,138.0,690.0,414.0,24.92753623188406,60.0,67.0,,,
DBSCAN,552,8.0,40.0,24.0,120.0,60.0,67.0,,,
DBSCAN,553,7.0,35.0,21.0,120.0,60.0,67.0,,,
DBSCAN,554,10.0,50.0,30.0,22.0,60.0,67.0,,,
DBSCAN,555,101.0,505.0,303.0,45.54455445544554,60.0,67.0,,,
DBSCAN,556,78.0,234.0,234.0,23.846153846153847,100.0,100.0,,,
DBSCAN,557,11.0,44.0,33.0,27.272727272727273,75.0,80.0,,,
DBSCAN,558,5.0,20.0,15.0,120.0,75.0,80.0,,,
DBSCAN,559,74.0,296.0,222.0,35.13513513513514,75.0,80.0,,,
DBSCAN,560,102.0,408.0,306.0,36.666666666666664,75.0,80.0,,,
DBSCAN,561,85.0,170.0,0.0,43.294117647058826,0.0,33.0,,,
DBSCAN,562,128.0,512.0,0.0,31.09375,0.0,20.0,,,
DBSCAN,563,140.0,560.0,0.0,32.42857142857143,0.0,20.0,,,
DBSCAN,564,110.0,440.0,0.0,33.63636363636363,0.0,20.0,,,
DBSCAN,565,127.0,254.0,127.0,38.110236220472444,50.0,67.0,,,
DBSCAN,566,57.0,114.0,57.0,27.36842105263158,50.0,67.0,,,
DBSCAN,567,166.0,996.0,664.0,43.25301204819277,67.0,71.0,,,
DBSCAN,568,160.0,960.0,640.0,40.125,67.0,71.0,,,
DBSCAN,569,287.0,1722.0,1148.0,49.616724738675956,67.0,71.0,,,
DBSCAN,570,338.0,1352.0,0.0,37.0414201183432,0.0,20.0,,,
DBSCAN,571,228.0,1368.0,1140.0,37.719298245614034,83.0,86.0,,,
DBSCAN,572,164.0,984.0,820.0,40.609756097560975,83.0,86.0,,,
DBSCAN,573,180.0,1080.0,900.0,37.333333333333336,83.0,86.0,,,
DBSCAN,574,371.0,742.0,0.0,44.474393530997304,0.0,33.0,,,
DBSCAN,575,494.0,988.0,0.0,40.76923076923077,0.0,33.0,,,
DBSCAN,576,55.0,220.0,165.0,62.90909090909091,75.0,80.0,,,
DBSCAN,577,75.0,300.0,225.0,56.0,75.0,80.0,,,
DBSCAN,578,68.0,272.0,204.0,53.8235294117647,75.0,80.0,,,
DBSCAN,579,35.0,140.0,105.0,57.714285714285715,75.0,80.0,,,
DBSCAN,580,195.0,780.0,585.0,66.87179487179488,75.0,80.0,,,
DBSCAN,581,575.0,2300.0,1725.0,63.89565217391304,75.0,80.0,,,
DBSCAN,582,398.0,1592.0,1194.0,58.14070351758794,75.0,80.0,,,
DBSCAN,583,212.0,424.0,424.0,48.39622641509434,100.0,100.0,,,
DBSCAN,584,112.0,224.0,224.0,36.07142857142857,100.0,100.0,,,
DBSCAN,585,489.0,978.0,0.0,44.94887525562372,0.0,33.0,,,
DBSCAN,586,208.0,624.0,624.0,26.73076923076923,100.0,100.0,,,
DBSCAN,587,11.0,33.0,33.0,120.0,100.0,100.0,,,
DBSCAN,588,129.0,387.0,387.0,34.883720930232556,100.0,100.0,,,
DBSCAN,589,127.0,381.0,381.0,30.078740157480315,100.0,100.0,,,
DBSCAN,590,48.0,144.0,144.0,24.583333333333332,100.0,100.0,,,
DBSCAN,591,326.0,1304.0,978.0,62.69938650306749,75.0,80.0,,,
DBSCAN,592,248.0,992.0,744.0,58.70967741935484,75.0,80.0,,,
DBSCAN,593,55.0,330.0,275.0,36.36363636363637,83.0,86.0,,,
DBSCAN,594,73.0,438.0,365.0,50.136986301369866,83.0,86.0,,,
DBSCAN,595,39.0,117.0,117.0,24.615384615384617,100.0,100.0,,,
DBSCAN,596,183.0,549.0,549.0,32.459016393442624,100.0,100.0,,,
DBSCAN,597,37.0,222.0,185.0,28.10810810810811,83.0,86.0,,,
DBSCAN,598,72.0,432.0,360.0,37.22222222222222,83.0,86.0,,,
DBSCAN,599,48.0,288.0,240.0,25.416666666666668,83.0,86.0,,,
DBSCAN,600,35.0,210.0,175.0,34.285714285714285,83.0,86.0,,,
DBSCAN,601,7.0,21.0,21.0,34.285714285714285,100.0,100.0,,,
DBSCAN,602,79.0,237.0,237.0,38.734177215189874,100.0,100.0,,,
DBSCAN,603,5.0,15.0,15.0,116.0,100.0,100.0,,,
DBSCAN,604,21.0,63.0,63.0,29.523809523809526,100.0,100.0,,,
DBSCAN,605,46.0,138.0,138.0,45.65217391304348,100.0,100.0,,,
DBSCAN,606,232.0,928.0,0.0,38.01724137931034,0.0,20.0,,,
DBSCAN,607,16.0,96.0,80.0,22.5,83.0,86.0,,,
DBSCAN,608,18.0,108.0,90.0,27.77777777777778,83.0,86.0,,,
DBSCAN,609,7.0,42.0,35.0,28.571428571428573,83.0,86.0,,,
DBSCAN,610,193.0,772.0,579.0,41.865284974093264,75.0,80.0,,,
DBSCAN,611,432.0,1728.0,1296.0,40.55555555555556,75.0,80.0,,,
DBSCAN,612,168.0,672.0,504.0,38.095238095238095,75.0,80.0,,,
DBSCAN,613,15.0,60.0,45.0,32.0,75.0,80.0,,,
DBSCAN,614,114.0,456.0,342.0,37.36842105263158,75.0,80.0,,,
DBSCAN,615,172.0,688.0,516.0,33.95348837209303,75.0,80.0,,,
DBSCAN,616,406.0,1624.0,1218.0,45.566502463054185,75.0,80.0,,,
DBSCAN,617,53.0,212.0,159.0,41.886792452830186,75.0,80.0,,,
DBSCAN,618,123.0,246.0,123.0,33.00813008130081,50.0,67.0,,,
DBSCAN,619,245.0,1470.0,1225.0,46.285714285714285,83.0,86.0,,,
DBSCAN,620,221.0,1326.0,1105.0,46.334841628959275,83.0,86.0,,,
DBSCAN,621,261.0,1566.0,1305.0,39.84674329501916,83.0,86.0,,,
DBSCAN,622,107.0,642.0,428.0,43.73831775700935,67.0,71.0,,,
DBSCAN,623,157.0,942.0,628.0,34.77707006369427,67.0,71.0,,,
DBSCAN,624,60.0,240.0,120.0,43.0,50.0,60.0,,,
DBSCAN,625,37.0,148.0,74.0,39.45945945945946,50.0,60.0,,,
DBSCAN,626,38.0,152.0,76.0,32.10526315789474,50.0,60.0,,,
DBSCAN,627,44.0,176.0,88.0,54.54545454545455,50.0,60.0,,,
DBSCAN,628,1123.0,6738.0,4492.0,38.86019590382903,67.0,71.0,,,
DBSCAN,629,84.0,336.0,252.0,29.285714285714285,75.0,80.0,,,
DBSCAN,630,13.0,52.0,39.0,120.0,75.0,80.0,,,
DBSCAN,631,28.0,112.0,84.0,30.0,75.0,80.0,,,
DBSCAN,632,8.0,48.0,32.0,27.5,67.0,71.0,,,
DBSCAN,633,6.0,36.0,30.0,23.333333333333332,83.0,86.0,,,
DBSCAN,634,14.0,84.0,70.0,20.0,83.0,86.0,,,
DBSCAN,635,7.0,42.0,35.0,25.714285714285715,83.0,86.0,,,
DBSCAN,636,85.0,510.0,425.0,44.0,83.0,86.0,,,
DBSCAN,637,22.0,132.0,110.0,37.27272727272727,83.0,86.0,,,
DBSCAN,638,6.0,12.0,12.0,23.333333333333332,100.0,100.0,,,
DBSCAN,639,22.0,66.0,66.0,25.454545454545453,100.0,100.0,,,
DBSCAN,640,27.0,162.0,135.0,25.185185185185187,83.0,86.0,,,
DBSCAN,641,9.0,36.0,27.0,28.88888888888889,75.0,80.0,,,
DBSCAN,642,71.0,426.0,355.0,38.309859154929576,83.0,86.0,,,
DBSCAN,643,42.0,84.0,42.0,30.0,50.0,67.0,,,
DBSCAN,644,20.0,80.0,40.0,40.0,50.0,60.0,,,
DBSCAN,645,47.0,188.0,94.0,39.57446808510638,50.0,60.0,,,
DBSCAN,646,14.0,56.0,28.0,27.142857142857142,50.0,60.0,,,
DBSCAN,647,14.0,56.0,28.0,25.714285714285715,50.0,60.0,,,
DBSCAN,648,246.0,492.0,492.0,39.1869918699187,100.0,100.0,,,
DBSCAN,649,314.0,1256.0,942.0,45.095541401273884,75.0,80.0,,,
DBSCAN,650,13.0,52.0,26.0,24.615384615384617,50.0,60.0,,,
DBSCAN,651,51.0,51.0,51.0,29.019607843137255,100.0,100.0,,,
DBSCAN,652,426.0,852.0,426.0,52.629107981220656,50.0,67.0,,,
DBSCAN,653,792.0,1584.0,792.0,48.83838383838384,50.0,67.0,,,
DBSCAN,654,29.0,116.0,0.0,26.20689655172414,0.0,20.0,,,
DBSCAN,655,38.0,152.0,0.0,40.0,0.0,20.0,,,
DBSCAN,656,215.0,430.0,215.0,39.72093023255814,50.0,67.0,,,
DBSCAN,657,23.0,46.0,23.0,35.65217391304348,50.0,67.0,,,
DBSCAN,658,29.0,116.0,0.0,28.96551724137931,0.0,20.0,,,
DBSCAN,659,9.0,18.0,9.0,22.22222222222222,50.0,67.0,,,
DBSCAN,660,8.0,32.0,0.0,30.0,0.0,20.0,,,
DBSCAN,661,285.0,285.0,0.0,37.473684210526315,0.0,50.0,,,
DBSCAN,662,47.0,329.0,188.0,32.340425531914896,57.0,62.0,,,
DBSCAN,663,195.0,1365.0,780.0,38.87179487179487,57.0,62.0,,,
DBSCAN,664,10.0,70.0,40.0,28.0,57.0,62.0,,,
DBSCAN,665,126.0,252.0,126.0,37.61904761904762,50.0,67.0,,,
DBSCAN,666,283.0,566.0,283.0,34.55830388692579,50.0,67.0,,,
DBSCAN,667,13.0,65.0,26.0,29.23076923076923,40.0,50.0,,,
DBSCAN,668,76.0,380.0,152.0,34.73684210526316,40.0,50.0,,,
DBSCAN,669,25.0,125.0,50.0,24.0,40.0,50.0,,,
DBSCAN,670,15.0,75.0,30.0,28.0,40.0,50.0,,,
DBSCAN,671,122.0,610.0,244.0,31.639344262295083,40.0,50.0,,,
DBSCAN,672,761.0,3044.0,1522.0,45.57161629434954,50.0,60.0,,,
DBSCAN,673,544.0,2176.0,1088.0,55.404411764705884,50.0,60.0,,,
DBSCAN,674,745.0,2980.0,1490.0,47.08724832214765,50.0,60.0,,,
DBSCAN,675,111.0,444.0,222.0,35.85585585585586,50.0,60.0,,,
DBSCAN,676,54.0,270.0,108.0,34.81481481481482,40.0,50.0,,,
DBSCAN,677,34.0,170.0,68.0,42.94117647058823,40.0,50.0,,,
DBSCAN,678,27.0,135.0,54.0,25.925925925925927,40.0,50.0,,,
DBSCAN,679,154.0,770.0,308.0,29.09090909090909,40.0,50.0,,,
DBSCAN,680,14.0,28.0,0.0,27.142857142857142,0.0,33.0,,,
DBSCAN,681,11.0,77.0,44.0,23.636363636363637,57.0,62.0,,,
DBSCAN,682,20.0,140.0,80.0,28.0,57.0,62.0,,,
DBSCAN,683,87.0,609.0,348.0,33.10344827586207,57.0,62.0,,,
DBSCAN,684,142.0,284.0,142.0,44.08450704225352,50.0,67.0,,,
DBSCAN,685,130.0,260.0,130.0,40.46153846153846,50.0,67.0,,,
DBSCAN,686,600.0,2400.0,1200.0,44.86666666666667,50.0,60.0,,,
DBSCAN,687,229.0,916.0,458.0,44.19213973799127,50.0,60.0,,,
DBSCAN,688,131.0,524.0,262.0,29.770992366412212,50.0,60.0,,,
DBSCAN,689,13.0,65.0,26.0,23.076923076923077,40.0,50.0,,,
DBSCAN,690,17.0,85.0,34.0,23.529411764705884,40.0,50.0,,,
DBSCAN,691,176.0,880.0,352.0,38.06818181818182,40.0,50.0,,,
DBSCAN,692,230.0,460.0,230.0,39.04347826086956,50.0,67.0,,,
DBSCAN,693,444.0,888.0,444.0,40.36036036036036,50.0,67.0,,,
DBSCAN,694,84.0,336.0,168.0,61.904761904761905,50.0,60.0,,,
DBSCAN,695,60.0,180.0,120.0,29.333333333333332,67.0,75.0,,,
DBSCAN,696,77.0,231.0,154.0,38.18181818181818,67.0,75.0,,,
DBSCAN,697,69.0,207.0,138.0,26.956521739130434,67.0,75.0,,,
DBSCAN,698,282.0,846.0,564.0,35.744680851063826,67.0,75.0,,,
DBSCAN,699,107.0,321.0,214.0,31.401869158878505,67.0,75.0,,,
DBSCAN,700,7.0,14.0,0.0,20.0,0.0,33.0,,,
DBSCAN,701,26.0,52.0,0.0,42.30769230769231,0.0,33.0,,,
DBSCAN,702,13.0,104.0,13.0,32.30769230769231,12.0,22.0,,,
DBSCAN,703,7.0,56.0,7.0,25.714285714285715,12.0,22.0,,,
DBSCAN,704,22.0,176.0,22.0,23.636363636363637,12.0,22.0,,,
DBSCAN,705,49.0,343.0,196.0,28.571428571428573,57.0,62.0,,,
DBSCAN,706,25.0,175.0,100.0,28.8,57.0,62.0,,,
DBSCAN,707,1313.0,2626.0,0.0,50.66260472201066,0.0,33.0,,,
DBSCAN,708,443.0,886.0,0.0,42.121896162528216,0.0,33.0,,,
DBSCAN,709,260.0,2080.0,260.0,44.84615384615385,12.0,22.0,,,
DBSCAN,710,570.0,4560.0,570.0,53.36842105263158,12.0,22.0,,,
DBSCAN,711,223.0,1784.0,223.0,50.582959641255606,12.0,22.0,,,
DBSCAN,712,347.0,2776.0,347.0,39.42363112391931,12.0,22.0,,,
DBSCAN,713,603.0,1809.0,1206.0,37.18076285240464,67.0,75.0,,,
DBSCAN,714,457.0,1371.0,914.0,35.18599562363239,67.0,75.0,,,
DBSCAN,715,880.0,1760.0,0.0,49.47727272727273,0.0,33.0,,,
DBSCAN,716,64.0,192.0,128.0,30.625,67.0,75.0,,,
DBSCAN,717,5.0,15.0,10.0,24.0,67.0,75.0,,,
DBSCAN,718,146.0,584.0,438.0,58.21917808219178,75.0,80.0,,,
DBSCAN,719,159.0,636.0,477.0,46.289308176100626,75.0,80.0,,,
DBSCAN,720,71.0,284.0,213.0,52.95774647887324,75.0,80.0,,,
DBSCAN,721,57.0,228.0,171.0,51.92982456140351,75.0,80.0,,,
DBSCAN,722,98.0,392.0,294.0,44.69387755102041,75.0,80.0,,,
DBSCAN,723,131.0,524.0,393.0,33.587786259541986,75.0,80.0,,,
DBSCAN,724,132.0,264.0,264.0,39.24242424242424,100.0,100.0,,,
DBSCAN,725,45.0,90.0,90.0,24.0,100.0,100.0,,,
DBSCAN,726,24.0,72.0,72.0,28.333333333333332,100.0,100.0,,,
DBSCAN,727,40.0,120.0,120.0,29.0,100.0,100.0,,,
DBSCAN,728,160.0,640.0,480.0,64.125,75.0,80.0,,,
DBSCAN,729,117.0,468.0,351.0,66.66666666666667,75.0,80.0,,,
DBSCAN,730,154.0,770.0,308.0,38.701298701298704,40.0,50.0,,,
DBSCAN,731,113.0,565.0,226.0,38.584070796460175,40.0,50.0,,,
DBSCAN,732,34.0,170.0,68.0,27.647058823529413,40.0,50.0,,,
DBSCAN,733,22.0,110.0,44.0,28.181818181818183,40.0,50.0,,,
DBSCAN,734,15.0,75.0,30.0,28.0,40.0,50.0,,,
DBSCAN,735,145.0,580.0,290.0,37.93103448275862,50.0,60.0,,,
DBSCAN,736,7.0,28.0,14.0,20.0,50.0,60.0,,,
DBSCAN,737,43.0,86.0,86.0,26.976744186046513,100.0,100.0,,,
DBSCAN,738,101.0,202.0,202.0,40.99009900990099,100.0,100.0,,,
DBSCAN,739,20.0,60.0,20.0,38.0,33.0,50.0,,,
DBSCAN,740,17.0,119.0,68.0,25.88235294117647,57.0,62.0,,,
DBSCAN,741,9.0,45.0,18.0,20.0,40.0,50.0,,,
DBSCAN,742,66.0,330.0,132.0,34.54545454545455,40.0,50.0,,,
DBSCAN,743,111.0,444.0,222.0,28.10810810810811,50.0,60.0,,,
DBSCAN,744,57.0,228.0,114.0,22.80701754385965,50.0,60.0,,,
DBSCAN,745,52.0,208.0,156.0,35.0,75.0,80.0,,,
DBSCAN,746,9.0,36.0,27.0,120.0,75.0,80.0,,,
DBSCAN,747,64.0,256.0,192.0,29.6875,75.0,80.0,,,
DBSCAN,748,5.0,15.0,15.0,32.0,100.0,100.0,,,
DBSCAN,749,191.0,382.0,0.0,38.324607329842934,0.0,33.0,,,
DBSCAN,750,325.0,1625.0,650.0,38.276923076923076,40.0,50.0,,,
DBSCAN,751,69.0,345.0,138.0,43.47826086956522,40.0,50.0,,,
DBSCAN,752,36.0,180.0,72.0,58.333333333333336,40.0,50.0,,,
DBSCAN,753,27.0,135.0,54.0,29.62962962962963,40.0,50.0,,,
DBSCAN,754,177.0,885.0,354.0,35.81920903954802,40.0,50.0,,,
DBSCAN,755,69.0,345.0,138.0,45.21739130434783,40.0,50.0,,,
DBSCAN,756,105.0,525.0,210.0,35.61904761904762,40.0,50.0,,,
DBSCAN,757,20.0,80.0,60.0,20.0,75.0,80.0,,,
DBSCAN,758,7.0,28.0,14.0,20.0,50.0,60.0,,,
DBSCAN,759,1076.0,3228.0,2152.0,33.08550185873606,67.0,75.0,,,
DBSCAN,760,20.0,80.0,60.0,120.0,75.0,80.0,,,
DBSCAN,761,25.0,100.0,75.0,37.6,75.0,80.0,,,
DBSCAN,762,13.0,65.0,26.0,23.076923076923077,40.0,50.0,,,
DBSCAN,763,42.0,84.0,0.0,30.476190476190474,0.0,33.0,,,
DBSCAN,764,329.0,2632.0,329.0,38.17629179331307,12.0,22.0,,,
DBSCAN,765,82.0,656.0,82.0,38.292682926829265,12.0,22.0,,,
DBSCAN,766,491.0,3928.0,491.0,38.77800407331976,12.0,22.0,,,
DBSCAN,767,168.0,1344.0,168.0,41.42857142857143,12.0,22.0,,,
DBSCAN,768,388.0,3104.0,388.0,30.412371134020617,12.0,22.0,,,
DBSCAN,769,89.0,712.0,89.0,28.089887640449437,12.0,22.0,,,
DBSCAN,770,20.0,100.0,40.0,24.0,40.0,50.0,,,
DBSCAN,771,41.0,205.0,82.0,27.804878048780488,40.0,50.0,,,
DBSCAN,772,24.0,120.0,48.0,26.666666666666668,40.0,50.0,,,
DBSCAN,773,9.0,45.0,36.0,31.11111111111111,80.0,83.0,,,
DBSCAN,774,21.0,105.0,84.0,37.142857142857146,80.0,83.0,,,
DBSCAN,775,13.0,65.0,52.0,24.615384615384617,80.0,83.0,,,
DBSCAN,776,11.0,33.0,33.0,34.54545454545455,100.0,100.0,,,
DBSCAN,777,145.0,435.0,435.0,38.48275862068966,100.0,100.0,,,
DBSCAN,778,419.0,1257.0,1257.0,43.7708830548926,100.0,100.0,,,
DBSCAN,779,5.0,25.0,20.0,32.0,80.0,83.0,,,
DBSCAN,780,6.0,30.0,24.0,20.0,80.0,83.0,,,
DBSCAN,781,45.0,225.0,180.0,28.0,80.0,83.0,,,
DBSCAN,782,27.0,135.0,108.0,31.85185185185185,80.0,83.0,,,
DBSCAN,783,6.0,18.0,18.0,26.666666666666668,100.0,100.0,,,
DBSCAN,784,41.0,123.0,123.0,38.53658536585366,100.0,100.0,,,
DBSCAN,785,24.0,72.0,72.0,25.0,100.0,100.0,,,
DBSCAN,786,51.0,102.0,51.0,29.80392156862745,50.0,67.0,,,
DBSCAN,787,8.0,24.0,24.0,20.0,100.0,100.0,,,
DBSCAN,788,9.0,45.0,36.0,26.666666666666668,80.0,83.0,,,
DBSCAN,789,7.0,35.0,28.0,31.428571428571427,80.0,83.0,,,
DBSCAN,790,29.0,145.0,116.0,55.86206896551724,80.0,83.0,,,
DBSCAN,791,8.0,40.0,32.0,20.0,80.0,83.0,,,
DBSCAN,792,5.0,25.0,20.0,32.0,80.0,83.0,,,
DBSCAN,793,29.0,145.0,116.0,28.275862068965516,80.0,83.0,,,
DBSCAN,794,55.0,165.0,55.0,25.09090909090909,33.0,50.0,,,
DBSCAN,795,5.0,15.0,5.0,120.0,33.0,50.0,,,
DBSCAN,796,157.0,471.0,157.0,31.59235668789809,33.0,50.0,,,
DBSCAN,797,125.0,125.0,0.0,33.92,0.0,50.0,,,
DBSCAN,798,38.0,114.0,114.0,25.789473684210527,100.0,100.0,,,
DBSCAN,799,103.0,309.0,103.0,32.42718446601942,33.0,50.0,,,
DBSCAN,800,203.0,1015.0,1015.0,35.76354679802956,100.0,100.0,,,
DBSCAN,801,306.0,1530.0,1530.0,41.30718954248366,100.0,100.0,,,
DBSCAN,802,343.0,1715.0,1715.0,39.7667638483965,100.0,100.0,,,
DBSCAN,803,319.0,1595.0,1595.0,32.85266457680251,100.0,100.0,,,
DBSCAN,804,8.0,24.0,16.0,20.0,67.0,75.0,,,
DBSCAN,805,633.0,1899.0,1266.0,37.69352290679305,67.0,75.0,,,
DBSCAN,806,179.0,537.0,358.0,34.18994413407821,67.0,75.0,,,
DBSCAN,807,27.0,81.0,81.0,51.111111111111114,100.0,100.0,,,
DBSCAN,808,168.0,504.0,504.0,75.23809523809524,100.0,100.0,,,
DBSCAN,809,43.0,129.0,129.0,73.48837209302326,100.0,100.0,,,
DBSCAN,810,68.0,136.0,136.0,47.94117647058823,100.0,100.0,,,
DBSCAN,811,46.0,92.0,92.0,55.65217391304348,100.0,100.0,,,
DBSCAN,812,65.0,325.0,325.0,53.53846153846154,100.0,100.0,,,
DBSCAN,813,85.0,425.0,425.0,35.05882352941177,100.0,100.0,,,
DBSCAN,814,40.0,200.0,200.0,47.0,100.0,100.0,,,
DBSCAN,815,25.0,75.0,50.0,28.0,67.0,75.0,,,
DBSCAN,816,166.0,498.0,332.0,30.96385542168675,67.0,75.0,,,
DBSCAN,817,220.0,660.0,0.0,55.0,0.0,25.0,,,
DBSCAN,818,138.0,414.0,0.0,34.927536231884055,0.0,25.0,,,
DBSCAN,819,26.0,78.0,0.0,26.923076923076923,0.0,25.0,,,
DBSCAN,820,713.0,2139.0,0.0,39.32678821879383,0.0,25.0,,,
DBSCAN,821,475.0,1425.0,0.0,33.6,0.0,25.0,,,
DBSCAN,822,59.0,118.0,0.0,35.59322033898305,0.0,33.0,,,
DBSCAN,823,258.0,516.0,0.0,46.74418604651163,0.0,33.0,,,
DBSCAN,824,13.0,26.0,26.0,24.615384615384617,100.0,100.0,,,
DBSCAN,825,28.0,168.0,168.0,26.428571428571427,100.0,100.0,,,
DBSCAN,826,26.0,156.0,156.0,50.76923076923077,100.0,100.0,,,
DBSCAN,827,31.0,186.0,186.0,30.322580645161292,100.0,100.0,,,
DBSCAN,828,5.0,30.0,30.0,120.0,100.0,100.0,,,
DBSCAN,829,337.0,1348.0,674.0,43.26409495548961,50.0,60.0,,,
DBSCAN,830,93.0,372.0,186.0,33.763440860215056,50.0,60.0,,,
DBSCAN,831,7.0,28.0,14.0,120.0,50.0,60.0,,,
DBSCAN,832,43.0,172.0,86.0,53.48837209302326,50.0,60.0,,,
DBSCAN,833,36.0,144.0,72.0,28.88888888888889,50.0,60.0,,,
DBSCAN,834,150.0,450.0,0.0,41.733333333333334,0.0,25.0,,,
DBSCAN,835,345.0,1035.0,0.0,55.53623188405797,0.0,25.0,,,
DBSCAN,836,208.0,624.0,0.0,29.03846153846154,0.0,25.0,,,
DBSCAN,837,50.0,100.0,0.0,25.2,0.0,33.0,,,
DBSCAN,838,285.0,1995.0,1710.0,53.12280701754386,86.0,88.0,,,
DBSCAN,839,110.0,770.0,660.0,53.81818181818182,86.0,88.0,,,
DBSCAN,840,10.0,70.0,60.0,26.0,86.0,88.0,,,
DBSCAN,841,32.0,224.0,192.0,25.625,86.0,88.0,,,
DBSCAN,842,20.0,140.0,120.0,31.0,86.0,88.0,,,
DBSCAN,843,68.0,476.0,408.0,49.411764705882355,86.0,88.0,,,
DBSCAN,844,1367.0,4101.0,0.0,47.812728602779806,0.0,25.0,,,
DBSCAN,845,52.0,156.0,104.0,36.92307692307692,67.0,75.0,,,
DBSCAN,846,187.0,1309.0,1122.0,39.25133689839572,86.0,88.0,,,
DBSCAN,847,111.0,666.0,666.0,47.027027027027025,100.0,100.0,,,
DBSCAN,848,14.0,84.0,84.0,34.285714285714285,100.0,100.0,,,
DBSCAN,849,29.0,29.0,0.0,35.86206896551724,0.0,50.0,,,
DBSCAN,850,179.0,895.0,895.0,42.79329608938548,100.0,100.0,,,
DBSCAN,851,73.0,365.0,365.0,35.89041095890411,100.0,100.0,,,
DBSCAN,852,16.0,48.0,48.0,41.25,100.0,100.0,,,
DBSCAN,853,42.0,126.0,126.0,59.04761904761905,100.0,100.0,,,
DBSCAN,854,58.0,232.0,116.0,46.89655172413793,50.0,60.0,,,
DBSCAN,855,32.0,128.0,64.0,43.125,50.0,60.0,,,
DBSCAN,856,48.0,192.0,96.0,48.75,50.0,60.0,,,
DBSCAN,857,63.0,252.0,252.0,42.53968253968254,100.0,100.0,,,
DBSCAN,858,14.0,56.0,56.0,25.714285714285715,100.0,100.0,,,
DBSCAN,859,14.0,56.0,56.0,24.285714285714285,100.0,100.0,,,
DBSCAN,860,29.0,174.0,174.0,59.310344827586206,100.0,100.0,,,
DBSCAN,861,160.0,480.0,480.0,41.0,100.0,100.0,,,
DBSCAN,862,7.0,21.0,14.0,34.285714285714285,67.0,75.0,,,
DBSCAN,863,11.0,33.0,22.0,32.72727272727273,67.0,75.0,,,
DBSCAN,864,70.0,140.0,140.0,27.142857142857142,100.0,100.0,,,
DBSCAN,865,5.0,10.0,10.0,120.0,100.0,100.0,,,
DBSCAN,866,57.0,399.0,342.0,29.473684210526315,86.0,88.0,,,
DBSCAN,867,27.0,108.0,54.0,35.55555555555556,50.0,60.0,,,
DBSCAN,868,40.0,160.0,80.0,33.5,50.0,60.0,,,
DBSCAN,869,41.0,205.0,205.0,27.317073170731707,100.0,100.0,,,
DBSCAN,870,687.0,2748.0,2748.0,47.219796215429405,100.0,100.0,,,
DBSCAN,871,392.0,1568.0,1568.0,47.142857142857146,100.0,100.0,,,
DBSCAN,872,113.0,452.0,452.0,38.76106194690266,100.0,100.0,,,
DBSCAN,873,65.0,260.0,130.0,54.76923076923077,50.0,60.0,,,
DBSCAN,874,92.0,368.0,368.0,46.73913043478261,100.0,100.0,,,
DBSCAN,875,96.0,384.0,384.0,47.708333333333336,100.0,100.0,,,
DBSCAN,876,101.0,404.0,404.0,37.62376237623762,100.0,100.0,,,
DBSCAN,877,51.0,204.0,204.0,28.627450980392158,100.0,100.0,,,
DBSCAN,878,24.0,72.0,48.0,25.0,67.0,75.0,,,
DBSCAN,879,266.0,532.0,532.0,36.99248120300752,100.0,100.0,,,
DBSCAN,880,159.0,318.0,318.0,40.880503144654085,100.0,100.0,,,
DBSCAN,881,55.0,385.0,330.0,36.0,100.0,100.0,,,
DBSCAN,882,12.0,84.0,72.0,26.666666666666668,100.0,100.0,,,
DBSCAN,883,62.0,434.0,372.0,28.06451612903226,100.0,100.0,,,
DBSCAN,884,17.0,119.0,102.0,28.235294117647058,100.0,100.0,,,
DBSCAN,885,43.0,172.0,172.0,24.651162790697676,100.0,100.0,,,
DBSCAN,886,5.0,10.0,5.0,20.0,50.0,67.0,,,
DBSCAN,887,16.0,32.0,16.0,26.25,50.0,67.0,,,
DBSCAN,888,16.0,64.0,48.0,31.25,75.0,80.0,,,
DBSCAN,889,6.0,42.0,36.0,23.333333333333332,100.0,100.0,,,
DBSCAN,890,16.0,64.0,64.0,32.5,100.0,100.0,,,
DBSCAN,891,713.0,2852.0,2852.0,39.43899018232819,100.0,100.0,,,
DBSCAN,892,24.0,96.0,72.0,35.0,75.0,80.0,,,
DBSCAN,893,39.0,117.0,78.0,32.82051282051282,67.0,75.0,,,
DBSCAN,894,101.0,404.0,101.0,35.84158415841584,25.0,40.0,,,
DBSCAN,895,80.0,320.0,320.0,45.75,100.0,100.0,,,
DBSCAN,896,155.0,465.0,310.0,30.322580645161292,67.0,75.0,,,
DBSCAN,897,6.0,18.0,12.0,120.0,67.0,75.0,,,
DBSCAN,898,37.0,148.0,37.0,23.243243243243242,25.0,40.0,,,
DBSCAN,899,21.0,84.0,21.0,27.61904761904762,25.0,40.0,,,
DBSCAN,900,27.0,108.0,108.0,28.14814814814815,100.0,100.0,,,
DBSCAN,901,15.0,60.0,45.0,22.666666666666668,75.0,80.0,,,
DBSCAN,902,209.0,418.0,418.0,32.822966507177036,100.0,100.0,,,
DBSCAN,903,14.0,56.0,14.0,24.285714285714285,25.0,40.0,,,
KMeans,0,,,,,,,43074.0,0.0,0.0
KMeans,1,,,,,,,43692.0,0.0,0.0
KMeans,2,,,,,,,26888.0,0.0,0.0
KMeans,3,,,,,,,26888.0,0.0,0.0
DBSCAN,0,,,,,,,137.0,0.0,0.0
DBSCAN,1,,,,,,,5.0,0.0,0.0
DBSCAN,2,,,,,,,13.0,0.0,0.0
DBSCAN,3,,,,,,,6.0,0.0,0.0
DBSCAN,4,,,,,,,268.0,0.0,0.0
DBSCAN,5,,,,,,,87.0,0.0,0.0
DBSCAN,6,,,,,,,25.0,0.0,0.0
DBSCAN,7,,,,,,,214.0,0.0,0.0
DBSCAN,8,,,,,,,159.0,0.0,0.0
DBSCAN,9,,,,,,,122.0,0.0,0.0
DBSCAN,10,,,,,,,25.0,0.0,0.0
DBSCAN,11,,,,,,,57.0,0.0,0.0
DBSCAN,12,,,,,,,223.0,0.0,0.0
DBSCAN,13,,,,,,,341.0,0.0,0.0
DBSCAN,14,,,,,,,111.0,0.0,0.0
DBSCAN,15,,,,,,,329.0,0.0,0.0
DBSCAN,16,,,,,,,59.0,0.0,0.0
DBSCAN,17,,,,,,,126.0,0.0,0.0
DBSCAN,18,,,,,,,1141.0,0.0,0.0
DBSCAN,19,,,,,,,59.0,0.0,0.0
DBSCAN,20,,,,,,,559.0,0.0,0.0
DBSCAN,21,,,,,,,309.0,0.0,0.0
DBSCAN,22,,,,,,,364.0,0.0,0.0
DBSCAN,23,,,,,,,22.0,0.0,0.0
DBSCAN,24,,,,,,,31.0,0.0,0.0
DBSCAN,25,,,,,,,87.0,0.0,0.0
DBSCAN,26,,,,,,,8.0,0.0,0.0
DBSCAN,27,,,,,,,13.0,0.0,0.0
DBSCAN,28,,,,,,,67.0,0.0,0.0
DBSCAN,29,,,,,,,470.0,0.0,0.0
DBSCAN,30,,,,,,,289.0,0.0,0.0
DBSCAN,31,,,,,,,353.0,0.0,0.0
DBSCAN,32,,,,,,,224.0,0.0,0.0
DBSCAN,33,,,,,,,215.0,0.0,0.0
DBSCAN,34,,,,,,,275.0,0.0,0.0
DBSCAN,35,,,,,,,105.0,0.0,0.0
DBSCAN,36,,,,,,,527.0,0.0,0.0
DBSCAN,37,,,,,,,168.0,0.0,0.0
DBSCAN,38,,,,,,,31.0,0.0,0.0
DBSCAN,39,,,,,,,249.0,0.0,0.0
DBSCAN,40,,,,,,,103.0,0.0,0.0
DBSCAN,41,,,,,,,116.0,0.0,0.0
DBSCAN,42,,,,,,,377.0,0.0,0.0
DBSCAN,43,,,,,,,92.0,0.0,0.0
DBSCAN,44,,,,,,,7.0,0.0,0.0
DBSCAN,45,,,,,,,762.0,0.0,0.0
DBSCAN,46,,,,,,,73.0,0.0,0.0
DBSCAN,47,,,,,,,1430.0,0.0,0.0
DBSCAN,48,,,,,,,104.0,0.0,0.0
DBSCAN,49,,,,,,,11.0,0.0,0.0
DBSCAN,50,,,,,,,5.0,0.0,0.0
DBSCAN,51,,,,,,,24.0,0.0,0.0
DBSCAN,52,,,,,,,36.0,0.0,0.0
DBSCAN,53,,,,,,,15.0,0.0,0.0
DBSCAN,54,,,,,,,10.0,0.0,0.0
DBSCAN,55,,,,,,,59.0,0.0,0.0
DBSCAN,56,,,,,,,15.0,0.0,0.0
DBSCAN,57,,,,,,,63.0,0.0,0.0
DBSCAN,58,,,,,,,76.0,0.0,0.0
DBSCAN,59,,,,,,,113.0,0.0,0.0
DBSCAN,60,,,,,,,15.0,0.0,0.0
DBSCAN,61,,,,,,,34.0,0.0,0.0
DBSCAN,62,,,,,,,472.0,0.0,0.0
DBSCAN,63,,,,,,,94.0,0.0,0.0
DBSCAN,64,,,,,,,16.0,0.0,0.0
DBSCAN,65,,,,,,,13.0,0.0,0.0
DBSCAN,66,,,,,,,80.0,0.0,0.0
DBSCAN,67,,,,,,,774.0,0.0,0.0
DBSCAN,68,,,,,,,7.0,0.0,0.0
DBSCAN,69,,,,,,,138.0,0.0,0.0
DBSCAN,70,,,,,,,8.0,0.0,0.0
DBSCAN,71,,,,,,,7.0,0.0,0.0
DBSCAN,72,,,,,,,10.0,0.0,0.0
DBSCAN,73,,,,,,,101.0,0.0,0.0
DBSCAN,74,,,,,,,80.0,0.0,0.0
DBSCAN,75,,,,,,,78.0,0.0,0.0
DBSCAN,76,,,,,,,11.0,0.0,0.0
DBSCAN,77,,,,,,,5.0,0.0,0.0
DBSCAN,78,,,,,,,74.0,0.0,0.0
DBSCAN,79,,,,,,,102.0,0.0,0.0
DBSCAN,80,,,,,,,85.0,0.0,0.0
DBSCAN,81,,,,,,,128.0,0.0,0.0
DBSCAN,82,,,,,,,140.0,0.0,0.0
DBSCAN,83,,,,,,,110.0,0.0,0.0
DBSCAN,84,,,,,,,127.0,0.0,0.0
DBSCAN,85,,,,,,,57.0,0.0,0.0
DBSCAN,86,,,,,,,166.0,0.0,0.0
DBSCAN,87,,,,,,,160.0,0.0,0.0
DBSCAN,88,,,,,,,287.0,0.0,0.0
DBSCAN,89,,,,,,,163.0,0.0,0.0
DBSCAN,90,,,,,,,7.0,0.0,0.0
DBSCAN,91,,,,,,,726.0,0.0,0.0
DBSCAN,92,,,,,,,338.0,0.0,0.0
DBSCAN,93,,,,,,,771.0,0.0,0.0
DBSCAN,94,,,,,,,222.0,0.0,0.0
DBSCAN,95,,,,,,,367.0,0.0,0.0
DBSCAN,96,,,,,,,1620.0,0.0,0.0
DBSCAN,97,,,,,,,228.0,0.0,0.0
DBSCAN,98,,,,,,,511.0,0.0,0.0
DBSCAN,99,,,,,,,164.0,0.0,0.0
DBSCAN,100,,,,,,,180.0,0.0,0.0
DBSCAN,101,,,,,,,371.0,0.0,0.0
DBSCAN,102,,,,,,,494.0,0.0,0.0
DBSCAN,103,,,,,,,55.0,0.0,0.0
DBSCAN,104,,,,,,,75.0,0.0,0.0
DBSCAN,105,,,,,,,68.0,0.0,0.0
DBSCAN,106,,,,,,,35.0,0.0,0.0
DBSCAN,107,,,,,,,195.0,0.0,0.0
DBSCAN,108,,,,,,,575.0,0.0,0.0
DBSCAN,109,,,,,,,398.0,0.0,0.0
DBSCAN,110,,,,,,,212.0,0.0,0.0
DBSCAN,111,,,,,,,112.0,0.0,0.0
DBSCAN,112,,,,,,,489.0,0.0,0.0
DBSCAN,113,,,,,,,208.0,0.0,0.0
DBSCAN,114,,,,,,,11.0,0.0,0.0
DBSCAN,115,,,,,,,129.0,0.0,0.0
DBSCAN,116,,,,,,,127.0,0.0,0.0
DBSCAN,117,,,,,,,40.0,0.0,0.0
DBSCAN,118,,,,,,,5.0,0.0,0.0
DBSCAN,119,,,,,,,48.0,0.0,0.0
DBSCAN,120,,,,,,,326.0,0.0,0.0
DBSCAN,121,,,,,,,248.0,0.0,0.0
DBSCAN,122,,,,,,,55.0,0.0,0.0
DBSCAN,123,,,,,,,73.0,0.0,0.0
DBSCAN,124,,,,,,,39.0,0.0,0.0
DBSCAN,125,,,,,,,183.0,0.0,0.0
DBSCAN,126,,,,,,,37.0,0.0,0.0
DBSCAN,127,,,,,,,72.0,0.0,0.0
DBSCAN,128,,,,,,,771.0,0.0,0.0
DBSCAN,129,,,,,,,48.0,0.0,0.0
DBSCAN,130,,,,,,,35.0,0.0,0.0
DBSCAN,131,,,,,,,7.0,0.0,0.0
DBSCAN,132,,,,,,,79.0,0.0,0.0
DBSCAN,133,,,,,,,5.0,0.0,0.0
DBSCAN,134,,,,,,,21.0,0.0,0.0
DBSCAN,135,,,,,,,46.0,0.0,0.0
DBSCAN,136,,,,,,,40.0,0.0,0.0
DBSCAN,137,,,,,,,163.0,0.0,0.0
DBSCAN,138,,,,,,,7.0,0.0,0.0
DBSCAN,139,,,,,,,232.0,0.0,0.0
DBSCAN,140,,,,,,,155.0,0.0,0.0
DBSCAN,141,,,,,,,26.0,0.0,0.0
DBSCAN,142,,,,,,,922.0,0.0,0.0
DBSCAN,143,,,,,,,5.0,0.0,0.0
DBSCAN,144,,,,,,,16.0,0.0,0.0
DBSCAN,145,,,,,,,222.0,0.0,0.0
DBSCAN,146,,,,,,,18.0,0.0,0.0
DBSCAN,147,,,,,,,7.0,0.0,0.0
DBSCAN,148,,,,,,,193.0,0.0,0.0
DBSCAN,149,,,,,,,432.0,0.0,0.0
DBSCAN,150,,,,,,,168.0,0.0,0.0
DBSCAN,151,,,,,,,15.0,0.0,0.0
DBSCAN,152,,,,,,,114.0,0.0,0.0
DBSCAN,153,,,,,,,172.0,0.0,0.0
DBSCAN,154,,,,,,,406.0,0.0,0.0
DBSCAN,155,,,,,,,53.0,0.0,0.0
DBSCAN,156,,,,,,,123.0,0.0,0.0
DBSCAN,157,,,,,,,511.0,0.0,0.0
DBSCAN,158,,,,,,,245.0,0.0,0.0
DBSCAN,159,,,,,,,221.0,0.0,0.0
DBSCAN,160,,,,,,,261.0,0.0,0.0
DBSCAN,161,,,,,,,107.0,0.0,0.0
DBSCAN,162,,,,,,,157.0,0.0,0.0
DBSCAN,163,,,,,,,60.0,0.0,0.0
DBSCAN,164,,,,,,,37.0,0.0,0.0
DBSCAN,165,,,,,,,38.0,0.0,0.0
DBSCAN,166,,,,,,,44.0,0.0,0.0
DBSCAN,167,,,,,,,1123.0,0.0,0.0
DBSCAN,168,,,,,,,84.0,0.0,0.0
DBSCAN,169,,,,,,,13.0,0.0,0.0
DBSCAN,170,,,,,,,28.0,0.0,0.0
DBSCAN,171,,,,,,,2628.0,0.0,0.0
DBSCAN,172,,,,,,,8.0,0.0,0.0
DBSCAN,173,,,,,,,367.0,0.0,0.0
DBSCAN,174,,,,,,,6.0,0.0,0.0
DBSCAN,175,,,,,,,14.0,0.0,0.0
DBSCAN,176,,,,,,,7.0,0.0,0.0
DBSCAN,177,,,,,,,155.0,0.0,0.0
DBSCAN,178,,,,,,,85.0,0.0,0.0
DBSCAN,179,,,,,,,22.0,0.0,0.0
DBSCAN,180,,,,,,,6.0,0.0,0.0
DBSCAN,181,,,,,,,22.0,0.0,0.0
DBSCAN,182,,,,,,,27.0,0.0,0.0
DBSCAN,183,,,,,,,9.0,0.0,0.0
DBSCAN,184,,,,,,,71.0,0.0,0.0
DBSCAN,185,,,,,,,26.0,0.0,0.0
DBSCAN,186,,,,,,,42.0,0.0,0.0
DBSCAN,187,,,,,,,20.0,0.0,0.0
DBSCAN,188,,,,,,,47.0,0.0,0.0
DBSCAN,189,,,,,,,14.0,0.0,0.0
DBSCAN,190,,,,,,,14.0,0.0,0.0
DBSCAN,191,,,,,,,246.0,0.0,0.0
DBSCAN,192,,,,,,,314.0,0.0,0.0
DBSCAN,193,,,,,,,13.0,0.0,0.0
DBSCAN,194,,,,,,,51.0,0.0,0.0
DBSCAN,195,,,,,,,426.0,0.0,0.0
DBSCAN,196,,,,,,,792.0,0.0,0.0
DBSCAN,197,,,,,,,29.0,0.0,0.0
DBSCAN,198,,,,,,,38.0,0.0,0.0
DBSCAN,199,,,,,,,215.0,0.0,0.0
DBSCAN,200,,,,,,,23.0,0.0,0.0
DBSCAN,201,,,,,,,29.0,0.0,0.0
DBSCAN,202,,,,,,,9.0,0.0,0.0
DBSCAN,203,,,,,,,8.0,0.0,0.0
DBSCAN,204,,,,,,,285.0,0.0,0.0
DBSCAN,205,,,,,,,306.0,0.0,0.0
DBSCAN,206,,,,,,,122.0,0.0,0.0
DBSCAN,207,,,,,,,8.0,0.0,0.0
DBSCAN,208,,,,,,,47.0,0.0,0.0
DBSCAN,209,,,,,,,195.0,0.0,0.0
DBSCAN,210,,,,,,,10.0,0.0,0.0
DBSCAN,211,,,,,,,126.0,0.0,0.0
DBSCAN,212,,,,,,,283.0,0.0,0.0
DBSCAN,213,,,,,,,13.0,0.0,0.0
DBSCAN,214,,,,,,,76.0,0.0,0.0
DBSCAN,215,,,,,,,25.0,0.0,0.0
DBSCAN,216,,,,,,,15.0,0.0,0.0
DBSCAN,217,,,,,,,122.0,0.0,0.0
DBSCAN,218,,,,,,,761.0,0.0,0.0
DBSCAN,219,,,,,,,544.0,0.0,0.0
DBSCAN,220,,,,,,,745.0,0.0,0.0
DBSCAN,221,,,,,,,111.0,0.0,0.0
DBSCAN,222,,,,,,,54.0,0.0,0.0
DBSCAN,223,,,,,,,34.0,0.0,0.0
DBSCAN,224,,,,,,,27.0,0.0,0.0
DBSCAN,225,,,,,,,154.0,0.0,0.0
DBSCAN,226,,,,,,,14.0,0.0,0.0
DBSCAN,227,,,,,,,555.0,0.0,0.0
DBSCAN,228,,,,,,,306.0,0.0,0.0
DBSCAN,229,,,,,,,19.0,0.0,0.0
DBSCAN,230,,,,,,,150.0,0.0,0.0
DBSCAN,231,,,,,,,102.0,0.0,0.0
DBSCAN,232,,,,,,,11.0,0.0,0.0
DBSCAN,233,,,,,,,122.0,0.0,0.0
DBSCAN,234,,,,,,,20.0,0.0,0.0
DBSCAN,235,,,,,,,87.0,0.0,0.0
DBSCAN,236,,,,,,,555.0,0.0,0.0
DBSCAN,237,,,,,,,142.0,0.0,0.0
DBSCAN,238,,,,,,,130.0,0.0,0.0
DBSCAN,239,,,,,,,600.0,0.0,0.0
DBSCAN,240,,,,,,,229.0,0.0,0.0
DBSCAN,241,,,,,,,131.0,0.0,0.0
DBSCAN,242,,,,,,,13.0,0.0,0.0
DBSCAN,243,,,,,,,17.0,0.0,0.0
DBSCAN,244,,,,,,,176.0,0.0,0.0
DBSCAN,245,,,,,,,230.0,0.0,0.0
DBSCAN,246,,,,,,,444.0,0.0,0.0
DBSCAN,247,,,,,,,458.0,0.0,0.0
DBSCAN,248,,,,,,,585.0,0.0,0.0
DBSCAN,249,,,,,,,1860.0,0.0,0.0
DBSCAN,250,,,,,,,84.0,0.0,0.0
DBSCAN,251,,,,,,,60.0,0.0,0.0
DBSCAN,252,,,,,,,77.0,0.0,0.0
DBSCAN,253,,,,,,,69.0,0.0,0.0
DBSCAN,254,,,,,,,282.0,0.0,0.0
DBSCAN,255,,,,,,,107.0,0.0,0.0
DBSCAN,256,,,,,,,7.0,0.0,0.0
DBSCAN,257,,,,,,,26.0,0.0,0.0
DBSCAN,258,,,,,,,13.0,0.0,0.0
DBSCAN,259,,,,,,,7.0,0.0,0.0
DBSCAN,260,,,,,,,22.0,0.0,0.0
DBSCAN,261,,,,,,,49.0,0.0,0.0
DBSCAN,262,,,,,,,19.0,0.0,0.0
DBSCAN,263,,,,,,,25.0,0.0,0.0
DBSCAN,264,,,,,,,1313.0,0.0,0.0
DBSCAN,265,,,,,,,443.0,0.0,0.0
DBSCAN,266,,,,,,,260.0,0.0,0.0
DBSCAN,267,,,,,,,570.0,0.0,0.0
DBSCAN,268,,,,,,,223.0,0.0,0.0
DBSCAN,269,,,,,,,347.0,0.0,0.0
DBSCAN,270,,,,,,,603.0,0.0,0.0
DBSCAN,271,,,,,,,457.0,0.0,0.0
DBSCAN,272,,,,,,,880.0,0.0,0.0
DBSCAN,273,,,,,,,64.0,0.0,0.0
DBSCAN,274,,,,,,,5.0,0.0,0.0
DBSCAN,275,,,,,,,146.0,0.0,0.0
DBSCAN,276,,,,,,,159.0,0.0,0.0
DBSCAN,277,,,,,,,71.0,0.0,0.0
DBSCAN,278,,,,,,,57.0,0.0,0.0
DBSCAN,279,,,,,,,98.0,0.0,0.0
DBSCAN,280,,,,,,,131.0,0.0,0.0
DBSCAN,281,,,,,,,132.0,0.0,0.0
DBSCAN,282,,,,,,,45.0,0.0,0.0
DBSCAN,283,,,,,,,24.0,0.0,0.0
DBSCAN,284,,,,,,,40.0,0.0,0.0
DBSCAN,285,,,,,,,160.0,0.0,0.0
DBSCAN,286,,,,,,,117.0,0.0,0.0
DBSCAN,287,,,,,,,154.0,0.0,0.0
DBSCAN,288,,,,,,,113.0,0.0,0.0
DBSCAN,289,,,,,,,34.0,0.0,0.0
DBSCAN,290,,,,,,,22.0,0.0,0.0
DBSCAN,291,,,,,,,15.0,0.0,0.0
DBSCAN,292,,,,,,,145.0,0.0,0.0
DBSCAN,293,,,,,,,7.0,0.0,0.0
DBSCAN,294,,,,,,,77.0,0.0,0.0
DBSCAN,295,,,,,,,43.0,0.0,0.0
DBSCAN,296,,,,,,,744.0,0.0,0.0
DBSCAN,297,,,,,,,101.0,0.0,0.0
DBSCAN,298,,,,,,,20.0,0.0,0.0
DBSCAN,299,,,,,,,77.0,0.0,0.0
DBSCAN,300,,,,,,,150.0,0.0,0.0
DBSCAN,301,,,,,,,17.0,0.0,0.0
DBSCAN,302,,,,,,,9.0,0.0,0.0
DBSCAN,303,,,,,,,66.0,0.0,0.0
DBSCAN,304,,,,,,,111.0,0.0,0.0
DBSCAN,305,,,,,,,57.0,0.0,0.0
DBSCAN,306,,,,,,,458.0,0.0,0.0
DBSCAN,307,,,,,,,52.0,0.0,0.0
DBSCAN,308,,,,,,,9.0,0.0,0.0
DBSCAN,309,,,,,,,64.0,0.0,0.0
DBSCAN,310,,,,,,,5.0,0.0,0.0
DBSCAN,311,,,,,,,191.0,0.0,0.0
DBSCAN,312,,,,,,,325.0,0.0,0.0
DBSCAN,313,,,,,,,69.0,0.0,0.0
DBSCAN,314,,,,,,,36.0,0.0,0.0
DBSCAN,315,,,,,,,27.0,0.0,0.0
DBSCAN,316,,,,,,,177.0,0.0,0.0
DBSCAN,317,,,,,,,69.0,0.0,0.0
DBSCAN,318,,,,,,,105.0,0.0,0.0
DBSCAN,319,,,,,,,20.0,0.0,0.0
DBSCAN,320,,,,,,,585.0,0.0,0.0
DBSCAN,321,,,,,,,7.0,0.0,0.0
DBSCAN,322,,,,,,,1076.0,0.0,0.0
DBSCAN,323,,,,,,,20.0,0.0,0.0
DBSCAN,324,,,,,,,25.0,0.0,0.0
DBSCAN,325,,,,,,,744.0,0.0,0.0
DBSCAN,326,,,,,,,13.0,0.0,0.0
DBSCAN,327,,,,,,,42.0,0.0,0.0
DBSCAN,328,,,,,,,329.0,0.0,0.0
DBSCAN,329,,,,,,,82.0,0.0,0.0
DBSCAN,330,,,,,,,491.0,0.0,0.0
DBSCAN,331,,,,,,,168.0,0.0,0.0
DBSCAN,332,,,,,,,388.0,0.0,0.0
DBSCAN,333,,,,,,,89.0,0.0,0.0
DBSCAN,334,,,,,,,20.0,0.0,0.0
DBSCAN,335,,,,,,,41.0,0.0,0.0
DBSCAN,336,,,,,,,24.0,0.0,0.0
DBSCAN,337,,,,,,,9.0,0.0,0.0
DBSCAN,338,,,,,,,21.0,0.0,0.0
DBSCAN,339,,,,,,,13.0,0.0,0.0
DBSCAN,340,,,,,,,11.0,0.0,0.0
DBSCAN,341,,,,,,,145.0,0.0,0.0
DBSCAN,342,,,,,,,419.0,0.0,0.0
DBSCAN,343,,,,,,,5.0,0.0,0.0
DBSCAN,344,,,,,,,6.0,0.0,0.0
DBSCAN,345,,,,,,,45.0,0.0,0.0
DBSCAN,346,,,,,,,27.0,0.0,0.0
DBSCAN,347,,,,,,,6.0,0.0,0.0
DBSCAN,348,,,,,,,255.0,0.0,0.0
DBSCAN,349,,,,,,,41.0,0.0,0.0
DBSCAN,350,,,,,,,24.0,0.0,0.0
DBSCAN,351,,,,,,,51.0,0.0,0.0
DBSCAN,352,,,,,,,255.0,0.0,0.0
DBSCAN,353,,,,,,,8.0,0.0,0.0
DBSCAN,354,,,,,,,9.0,0.0,0.0
DBSCAN,355,,,,,,,7.0,0.0,0.0
DBSCAN,356,,,,,,,29.0,0.0,0.0
DBSCAN,357,,,,,,,8.0,0.0,0.0
DBSCAN,358,,,,,,,5.0,0.0,0.0
DBSCAN,359,,,,,,,29.0,0.0,0.0
DBSCAN,360,,,,,,,55.0,0.0,0.0
DBSCAN,361,,,,,,,5.0,0.0,0.0
DBSCAN,362,,,,,,,157.0,0.0,0.0
DBSCAN,363,,,,,,,125.0,0.0,0.0
DBSCAN,364,,,,,,,38.0,0.0,0.0
DBSCAN,365,,,,,,,103.0,0.0,0.0
DBSCAN,366,,,,,,,203.0,0.0,0.0
DBSCAN,367,,,,,,,306.0,0.0,0.0
DBSCAN,368,,,,,,,343.0,0.0,0.0
DBSCAN,369,,,,,,,319.0,0.0,0.0
DBSCAN,370,,,,,,,8.0,0.0,0.0
DBSCAN,371,,,,,,,633.0,0.0,0.0
DBSCAN,372,,,,,,,179.0,0.0,0.0
DBSCAN,373,,,,,,,27.0,0.0,0.0
DBSCAN,374,,,,,,,168.0,0.0,0.0
DBSCAN,375,,,,,,,43.0,0.0,0.0
DBSCAN,376,,,,,,,68.0,0.0,0.0
DBSCAN,377,,,,,,,46.0,0.0,0.0
DBSCAN,378,,,,,,,65.0,0.0,0.0
DBSCAN,379,,,,,,,85.0,0.0,0.0
DBSCAN,380,,,,,,,40.0,0.0,0.0
DBSCAN,381,,,,,,,21.0,0.0,0.0
DBSCAN,382,,,,,,,25.0,0.0,0.0
DBSCAN,383,,,,,,,166.0,0.0,0.0
DBSCAN,384,,,,,,,220.0,0.0,0.0
DBSCAN,385,,,,,,,138.0,0.0,0.0
DBSCAN,386,,,,,,,26.0,0.0,0.0
DBSCAN,387,,,,,,,713.0,0.0,0.0
DBSCAN,388,,,,,,,475.0,0.0,0.0
DBSCAN,389,,,,,,,59.0,0.0,0.0
DBSCAN,390,,,,,,,258.0,0.0,0.0
DBSCAN,391,,,,,,,13.0,0.0,0.0
DBSCAN,392,,,,,,,28.0,0.0,0.0
DBSCAN,393,,,,,,,26.0,0.0,0.0
DBSCAN,394,,,,,,,31.0,0.0,0.0
DBSCAN,395,,,,,,,5.0,0.0,0.0
DBSCAN,396,,,,,,,337.0,0.0,0.0
DBSCAN,397,,,,,,,93.0,0.0,0.0
DBSCAN,398,,,,,,,7.0,0.0,0.0
DBSCAN,399,,,,,,,43.0,0.0,0.0
DBSCAN,400,,,,,,,36.0,0.0,0.0
DBSCAN,401,,,,,,,45.0,0.0,0.0
DBSCAN,402,,,,,,,76.0,0.0,0.0
DBSCAN,403,,,,,,,150.0,0.0,0.0
DBSCAN,404,,,,,,,345.0,0.0,0.0
DBSCAN,405,,,,,,,208.0,0.0,0.0
DBSCAN,406,,,,,,,50.0,0.0,0.0
DBSCAN,407,,,,,,,285.0,0.0,0.0
DBSCAN,408,,,,,,,110.0,0.0,0.0
DBSCAN,409,,,,,,,10.0,0.0,0.0
DBSCAN,410,,,,,,,233.0,0.0,0.0
DBSCAN,411,,,,,,,25.0,0.0,0.0
DBSCAN,412,,,,,,,128.0,0.0,0.0
DBSCAN,413,,,,,,,32.0,0.0,0.0
DBSCAN,414,,,,,,,20.0,0.0,0.0
DBSCAN,415,,,,,,,68.0,0.0,0.0
DBSCAN,416,,,,,,,1367.0,0.0,0.0
DBSCAN,417,,,,,,,52.0,0.0,0.0
DBSCAN,418,,,,,,,1087.0,0.0,0.0
DBSCAN,419,,,,,,,220.0,0.0,0.0
DBSCAN,420,,,,,,,187.0,0.0,0.0
DBSCAN,421,,,,,,,111.0,0.0,0.0
DBSCAN,422,,,,,,,14.0,0.0,0.0
DBSCAN,423,,,,,,,29.0,0.0,0.0
DBSCAN,424,,,,,,,179.0,0.0,0.0
DBSCAN,425,,,,,,,73.0,0.0,0.0
DBSCAN,426,,,,,,,16.0,0.0,0.0
DBSCAN,427,,,,,,,42.0,0.0,0.0
DBSCAN,428,,,,,,,58.0,0.0,0.0
DBSCAN,429,,,,,,,32.0,0.0,0.0
DBSCAN,430,,,,,,,48.0,0.0,0.0
DBSCAN,431,,,,,,,63.0,0.0,0.0
DBSCAN,432,,,,,,,14.0,0.0,0.0
DBSCAN,433,,,,,,,14.0,0.0,0.0
DBSCAN,434,,,,,,,29.0,0.0,0.0
DBSCAN,435,,,,,,,160.0,0.0,0.0
DBSCAN,436,,,,,,,45.0,0.0,0.0
DBSCAN,437,,,,,,,7.0,0.0,0.0
DBSCAN,438,,,,,,,11.0,0.0,0.0
DBSCAN,439,,,,,,,358.0,0.0,0.0
DBSCAN,440,,,,,,,70.0,0.0,0.0
DBSCAN,441,,,,,,,5.0,0.0,0.0
DBSCAN,442,,,,,,,1087.0,0.0,0.0
DBSCAN,443,,,,,,,57.0,0.0,0.0
DBSCAN,444,,,,,,,27.0,0.0,0.0
DBSCAN,445,,,,,,,40.0,0.0,0.0
DBSCAN,446,,,,,,,41.0,0.0,0.0
DBSCAN,447,,,,,,,687.0,0.0,0.0
DBSCAN,448,,,,,,,392.0,0.0,0.0
DBSCAN,449,,,,,,,113.0,0.0,0.0
DBSCAN,450,,,,,,,65.0,0.0,0.0
DBSCAN,451,,,,,,,92.0,0.0,0.0
DBSCAN,452,,,,,,,96.0,0.0,0.0
DBSCAN,453,,,,,,,101.0,0.0,0.0
DBSCAN,454,,,,,,,51.0,0.0,0.0
DBSCAN,455,,,,,,,24.0,0.0,0.0
DBSCAN,456,,,,,,,266.0,0.0,0.0
DBSCAN,457,,,,,,,159.0,0.0,0.0
DBSCAN,458,,,,,,,55.0,0.0,0.0
DBSCAN,459,,,,,,,12.0,0.0,0.0
DBSCAN,460,,,,,,,76.0,0.0,0.0
DBSCAN,461,,,,,,,62.0,0.0,0.0
DBSCAN,462,,,,,,,17.0,0.0,0.0
DBSCAN,463,,,,,,,21.0,0.0,0.0
DBSCAN,464,,,,,,,43.0,0.0,0.0
DBSCAN,465,,,,,,,5.0,0.0,0.0
DBSCAN,466,,,,,,,16.0,0.0,0.0
DBSCAN,467,,,,,,,16.0,0.0,0.0
DBSCAN,468,,,,,,,233.0,0.0,0.0
DBSCAN,469,,,,,,,6.0,0.0,0.0
DBSCAN,470,,,,,,,16.0,0.0,0.0
DBSCAN,471,,,,,,,713.0,0.0,0.0
DBSCAN,472,,,,,,,25.0,0.0,0.0
DBSCAN,473,,,,,,,24.0,0.0,0.0
DBSCAN,474,,,,,,,39.0,0.0,0.0
DBSCAN,475,,,,,,,101.0,0.0,0.0
DBSCAN,476,,,,,,,80.0,0.0,0.0
DBSCAN,477,,,,,,,155.0,0.0,0.0
DBSCAN,478,,,,,,,6.0,0.0,0.0
DBSCAN,479,,,,,,,37.0,0.0,0.0
DBSCAN,480,,,,,,,21.0,0.0,0.0
DBSCAN,481,,,,,,,27.0,0.0,0.0
DBSCAN,482,,,,,,,15.0,0.0,0.0
DBSCAN,483,,,,,,,209.0,0.0,0.0
DBSCAN,484,,,,,,,14.0,0.0,0.0
DBSCAN,485,,,,,,,137.0,0.0,0.0
DBSCAN,486,,,,,,,5.0,0.0,0.0
DBSCAN,487,,,,,,,13.0,0.0,0.0
DBSCAN,488,,,,,,,6.0,0.0,0.0
DBSCAN,489,,,,,,,268.0,0.0,0.0
DBSCAN,490,,,,,,,87.0,0.0,0.0
DBSCAN,491,,,,,,,25.0,0.0,0.0
DBSCAN,492,,,,,,,214.0,0.0,0.0
DBSCAN,493,,,,,,,159.0,0.0,0.0
DBSCAN,494,,,,,,,122.0,0.0,0.0
DBSCAN,495,,,,,,,25.0,0.0,0.0
DBSCAN,496,,,,,,,57.0,0.0,0.0
DBSCAN,497,,,,,,,223.0,0.0,0.0
DBSCAN,498,,,,,,,341.0,0.0,0.0
DBSCAN,499,,,,,,,111.0,0.0,0.0
DBSCAN,500,,,,,,,329.0,0.0,0.0
DBSCAN,501,,,,,,,59.0,0.0,0.0
DBSCAN,502,,,,,,,126.0,0.0,0.0
DBSCAN,503,,,,,,,1141.0,0.0,0.0
DBSCAN,504,,,,,,,59.0,0.0,0.0
DBSCAN,505,,,,,,,559.0,0.0,0.0
DBSCAN,506,,,,,,,309.0,0.0,0.0
DBSCAN,507,,,,,,,364.0,0.0,0.0
DBSCAN,508,,,,,,,22.0,0.0,0.0
DBSCAN,509,,,,,,,31.0,0.0,0.0
DBSCAN,510,,,,,,,87.0,0.0,0.0
DBSCAN,511,,,,,,,8.0,0.0,0.0
DBSCAN,512,,,,,,,13.0,0.0,0.0
DBSCAN,513,,,,,,,67.0,0.0,0.0
DBSCAN,514,,,,,,,470.0,0.0,0.0
DBSCAN,515,,,,,,,289.0,0.0,0.0
DBSCAN,516,,,,,,,353.0,0.0,0.0
DBSCAN,517,,,,,,,224.0,0.0,0.0
DBSCAN,518,,,,,,,215.0,0.0,0.0
DBSCAN,519,,,,,,,275.0,0.0,0.0
DBSCAN,520,,,,,,,105.0,0.0,0.0
DBSCAN,521,,,,,,,527.0,0.0,0.0
DBSCAN,522,,,,,,,168.0,0.0,0.0
DBSCAN,523,,,,,,,31.0,0.0,0.0
DBSCAN,524,,,,,,,249.0,0.0,0.0
DBSCAN,525,,,,,,,103.0,0.0,0.0
DBSCAN,526,,,,,,,116.0,0.0,0.0
DBSCAN,527,,,,,,,377.0,0.0,0.0
DBSCAN,528,,,,,,,92.0,0.0,0.0
DBSCAN,529,,,,,,,7.0,0.0,0.0
DBSCAN,530,,,,,,,762.0,0.0,0.0
DBSCAN,531,,,,,,,73.0,0.0,0.0
DBSCAN,532,,,,,,,104.0,0.0,0.0
DBSCAN,533,,,,,,,11.0,0.0,0.0
DBSCAN,534,,,,,,,5.0,0.0,0.0
DBSCAN,535,,,,,,,24.0,0.0,0.0
DBSCAN,536,,,,,,,36.0,0.0,0.0
DBSCAN,537,,,,,,,15.0,0.0,0.0
DBSCAN,538,,,,,,,10.0,0.0,0.0
DBSCAN,539,,,,,,,59.0,0.0,0.0
DBSCAN,540,,,,,,,15.0,0.0,0.0
DBSCAN,541,,,,,,,63.0,0.0,0.0
DBSCAN,542,,,,,,,76.0,0.0,0.0
DBSCAN,543,,,,,,,113.0,0.0,0.0
DBSCAN,544,,,,,,,15.0,0.0,0.0
DBSCAN,545,,,,,,,34.0,0.0,0.0
DBSCAN,546,,,,,,,472.0,0.0,0.0
DBSCAN,547,,,,,,,94.0,0.0,0.0
DBSCAN,548,,,,,,,16.0,0.0,0.0
DBSCAN,549,,,,,,,13.0,0.0,0.0
DBSCAN,550,,,,,,,7.0,0.0,0.0
DBSCAN,551,,,,,,,138.0,0.0,0.0
DBSCAN,552,,,,,,,8.0,0.0,0.0
DBSCAN,553,,,,,,,7.0,0.0,0.0
DBSCAN,554,,,,,,,10.0,0.0,0.0
DBSCAN,555,,,,,,,101.0,0.0,0.0
DBSCAN,556,,,,,,,78.0,0.0,0.0
DBSCAN,557,,,,,,,11.0,0.0,0.0
DBSCAN,558,,,,,,,5.0,0.0,0.0
DBSCAN,559,,,,,,,74.0,0.0,0.0
DBSCAN,560,,,,,,,102.0,0.0,0.0
DBSCAN,561,,,,,,,85.0,0.0,0.0
DBSCAN,562,,,,,,,128.0,0.0,0.0
DBSCAN,563,,,,,,,140.0,0.0,0.0
DBSCAN,564,,,,,,,110.0,0.0,0.0
DBSCAN,565,,,,,,,127.0,0.0,0.0
DBSCAN,566,,,,,,,57.0,0.0,0.0
DBSCAN,567,,,,,,,166.0,0.0,0.0
DBSCAN,568,,,,,,,160.0,0.0,0.0
DBSCAN,569,,,,,,,287.0,0.0,0.0
DBSCAN,570,,,,,,,338.0,0.0,0.0
DBSCAN,571,,,,,,,228.0,0.0,0.0
DBSCAN,572,,,,,,,164.0,0.0,0.0
DBSCAN,573,,,,,,,180.0,0.0,0.0
DBSCAN,574,,,,,,,371.0,0.0,0.0
DBSCAN,575,,,,,,,494.0,0.0,0.0
DBSCAN,576,,,,,,,55.0,0.0,0.0
DBSCAN,577,,,,,,,75.0,0.0,0.0
DBSCAN,578,,,,,,,68.0,0.0,0.0
DBSCAN,579,,,,,,,35.0,0.0,0.0
DBSCAN,580,,,,,,,195.0,0.0,0.0
DBSCAN,581,,,,,,,575.0,0.0,0.0
DBSCAN,582,,,,,,,398.0,0.0,0.0
DBSCAN,583,,,,,,,212.0,0.0,0.0
DBSCAN,584,,,,,,,112.0,0.0,0.0
DBSCAN,585,,,,,,,489.0,0.0,0.0
DBSCAN,586,,,,,,,208.0,0.0,0.0
DBSCAN,587,,,,,,,11.0,0.0,0.0
DBSCAN,588,,,,,,,129.0,0.0,0.0
DBSCAN,589,,,,,,,127.0,0.0,0.0
DBSCAN,590,,,,,,,48.0,0.0,0.0
DBSCAN,591,,,,,,,326.0,0.0,0.0
DBSCAN,592,,,,,,,248.0,0.0,0.0
DBSCAN,593,,,,,,,55.0,0.0,0.0
DBSCAN,594,,,,,,,73.0,0.0,0.0
DBSCAN,595,,,,,,,39.0,0.0,0.0
DBSCAN,596,,,,,,,183.0,0.0,0.0
DBSCAN,597,,,,,,,37.0,0.0,0.0
DBSCAN,598,,,,,,,72.0,0.0,0.0
DBSCAN,599,,,,,,,48.0,0.0,0.0
DBSCAN,600,,,,,,,35.0,0.0,0.0
DBSCAN,601,,,,,,,7.0,0.0,0.0
DBSCAN,602,,,,,,,79.0,0.0,0.0
DBSCAN,603,,,,,,,5.0,0.0,0.0
DBSCAN,604,,,,,,,21.0,0.0,0.0
DBSCAN,605,,,,,,,46.0,0.0,0.0
DBSCAN,606,,,,,,,232.0,0.0,0.0
DBSCAN,607,,,,,,,16.0,0.0,0.0
DBSCAN,608,,,,,,,18.0,0.0,0.0
DBSCAN,609,,,,,,,7.0,0.0,0.0
DBSCAN,610,,,,,,,193.0,0.0,0.0
DBSCAN,611,,,,,,,432.0,0.0,0.0
DBSCAN,612,,,,,,,168.0,0.0,0.0
DBSCAN,613,,,,,,,15.0,0.0,0.0
DBSCAN,614,,,,,,,114.0,0.0,0.0
DBSCAN,615,,,,,,,172.0,0.0,0.0
DBSCAN,616,,,,,,,406.0,0.0,0.0
DBSCAN,617,,,,,,,53.0,0.0,0.0
DBSCAN,618,,,,,,,123.0,0.0,0.0
DBSCAN,619,,,,,,,245.0,0.0,0.0
DBSCAN,620,,,,,,,221.0,0.0,0.0
DBSCAN,621,,,,,,,261.0,0.0,0.0
DBSCAN,622,,,,,,,107.0,0.0,0.0
DBSCAN,623,,,,,,,157.0,0.0,0.0
DBSCAN,624,,,,,,,60.0,0.0,0.0
DBSCAN,625,,,,,,,37.0,0.0,0.0
DBSCAN,626,,,,,,,38.0,0.0,0.0
DBSCAN,627,,,,,,,44.0,0.0,0.0
DBSCAN,628,,,,,,,1123.0,0.0,0.0
DBSCAN,629,,,,,,,84.0,0.0,0.0
DBSCAN,630,,,,,,,13.0,0.0,0.0
DBSCAN,631,,,,,,,28.0,0.0,0.0
DBSCAN,632,,,,,,,8.0,0.0,0.0
DBSCAN,633,,,,,,,6.0,0.0,0.0
DBSCAN,634,,,,,,,14.0,0.0,0.0
DBSCAN,635,,,,,,,7.0,0.0,0.0
DBSCAN,636,,,,,,,85.0,0.0,0.0
DBSCAN,637,,,,,,,22.0,0.0,0.0
DBSCAN,638,,,,,,,6.0,0.0,0.0
DBSCAN,639,,,,,,,22.0,0.0,0.0
DBSCAN,640,,,,,,,27.0,0.0,0.0
DBSCAN,641,,,,,,,9.0,0.0,0.0
DBSCAN,642,,,,,,,71.0,0.0,0.0
DBSCAN,643,,,,,,,42.0,0.0,0.0
DBSCAN,644,,,,,,,20.0,0.0,0.0
DBSCAN,645,,,,,,,47.0,0.0,0.0
DBSCAN,646,,,,,,,14.0,0.0,0.0
DBSCAN,647,,,,,,,14.0,0.0,0.0
DBSCAN,648,,,,,,,246.0,0.0,0.0
DBSCAN,649,,,,,,,314.0,0.0,0.0
DBSCAN,650,,,,,,,13.0,0.0,0.0
DBSCAN,651,,,,,,,51.0,0.0,0.0
DBSCAN,652,,,,,,,426.0,0.0,0.0
DBSCAN,653,,,,,,,792.0,0.0,0.0
DBSCAN,654,,,,,,,29.0,0.0,0.0
DBSCAN,655,,,,,,,38.0,0.0,0.0
DBSCAN,656,,,,,,,215.0,0.0,0.0
DBSCAN,657,,,,,,,23.0,0.0,0.0
DBSCAN,658,,,,,,,29.0,0.0,0.0
DBSCAN,659,,,,,,,9.0,0.0,0.0
DBSCAN,660,,,,,,,8.0,0.0,0.0
DBSCAN,661,,,,,,,285.0,0.0,0.0
DBSCAN,662,,,,,,,47.0,0.0,0.0
DBSCAN,663,,,,,,,195.0,0.0,0.0
DBSCAN,664,,,,,,,10.0,0.0,0.0
DBSCAN,665,,,,,,,126.0,0.0,0.0
DBSCAN,666,,,,,,,283.0,0.0,0.0
DBSCAN,667,,,,,,,13.0,0.0,0.0
DBSCAN,668,,,,,,,76.0,0.0,0.0
DBSCAN,669,,,,,,,25.0,0.0,0.0
DBSCAN,670,,,,,,,15.0,0.0,0.0
DBSCAN,671,,,,,,,122.0,0.0,0.0
DBSCAN,672,,,,,,,761.0,0.0,0.0
DBSCAN,673,,,,,,,544.0,0.0,0.0
DBSCAN,674,,,,,,,745.0,0.0,0.0
DBSCAN,675,,,,,,,111.0,0.0,0.0
DBSCAN,676,,,,,,,54.0,0.0,0.0
DBSCAN,677,,,,,,,34.0,0.0,0.0
DBSCAN,678,,,,,,,27.0,0.0,0.0
DBSCAN,679,,,,,,,154.0,0.0,0.0
DBSCAN,680,,,,,,,14.0,0.0,0.0
DBSCAN,681,,,,,,,11.0,0.0,0.0
DBSCAN,682,,,,,,,20.0,0.0,0.0
DBSCAN,683,,,,,,,87.0,0.0,0.0
DBSCAN,684,,,,,,,142.0,0.0,0.0
DBSCAN,685,,,,,,,130.0,0.0,0.0
DBSCAN,686,,,,,,,600.0,0.0,0.0
DBSCAN,687,,,,,,,229.0,0.0,0.0
DBSCAN,688,,,,,,,131.0,0.0,0.0
DBSCAN,689,,,,,,,13.0,0.0,0.0
DBSCAN,690,,,,,,,17.0,0.0,0.0
DBSCAN,691,,,,,,,176.0,0.0,0.0
DBSCAN,692,,,,,,,230.0,0.0,0.0
DBSCAN,693,,,,,,,444.0,0.0,0.0
DBSCAN,694,,,,,,,84.0,0.0,0.0
DBSCAN,695,,,,,,,60.0,0.0,0.0
DBSCAN,696,,,,,,,77.0,0.0,0.0
DBSCAN,697,,,,,,,69.0,0.0,0.0
DBSCAN,698,,,,,,,282.0,0.0,0.0
DBSCAN,699,,,,,,,107.0,0.0,0.0
DBSCAN,700,,,,,,,7.0,0.0,0.0
DBSCAN,701,,,,,,,26.0,0.0,0.0
DBSCAN,702,,,,,,,13.0,0.0,0.0
DBSCAN,703,,,,,,,7.0,0.0,0.0
DBSCAN,704,,,,,,,22.0,0.0,0.0
DBSCAN,705,,,,,,,49.0,0.0,0.0
DBSCAN,706,,,,,,,25.0,0.0,0.0
DBSCAN,707,,,,,,,1313.0,0.0,0.0
DBSCAN,708,,,,,,,443.0,0.0,0.0
DBSCAN,709,,,,,,,260.0,0.0,0.0
DBSCAN,710,,,,,,,570.0,0.0,0.0
DBSCAN,711,,,,,,,223.0,0.0,0.0
DBSCAN,712,,,,,,,347.0,0.0,0.0
DBSCAN,713,,,,,,,603.0,0.0,0.0
DBSCAN,714,,,,,,,457.0,0.0,0.0
DBSCAN,715,,,,,,,880.0,0.0,0.0
DBSCAN,716,,,,,,,64.0,0.0,0.0
DBSCAN,717,,,,,,,5.0,0.0,0.0
DBSCAN,718,,,,,,,146.0,0.0,0.0
DBSCAN,719,,,,,,,159.0,0.0,0.0
DBSCAN,720,,,,,,,71.0,0.0,0.0
DBSCAN,721,,,,,,,57.0,0.0,0.0
DBSCAN,722,,,,,,,98.0,0.0,0.0
DBSCAN,723,,,,,,,131.0,0.0,0.0
DBSCAN,724,,,,,,,132.0,0.0,0.0
DBSCAN,725,,,,,,,45.0,0.0,0.0
DBSCAN,726,,,,,,,24.0,0.0,0.0
DBSCAN,727,,,,,,,40.0,0.0,0.0
DBSCAN,728,,,,,,,160.0,0.0,0.0
DBSCAN,729,,,,,,,117.0,0.0,0.0
DBSCAN,730,,,,,,,154.0,0.0,0.0
DBSCAN,731,,,,,,,113.0,0.0,0.0
DBSCAN,732,,,,,,,34.0,0.0,0.0
DBSCAN,733,,,,,,,22.0,0.0,0.0
DBSCAN,734,,,,,,,15.0,0.0,0.0
DBSCAN,735,,,,,,,145.0,0.0,0.0
DBSCAN,736,,,,,,,7.0,0.0,0.0
DBSCAN,737,,,,,,,43.0,0.0,0.0
DBSCAN,738,,,,,,,101.0,0.0,0.0
DBSCAN,739,,,,,,,20.0,0.0,0.0
DBSCAN,740,,,,,,,17.0,0.0,0.0
DBSCAN,741,,,,,,,9.0,0.0,0.0
DBSCAN,742,,,,,,,66.0,0.0,0.0
DBSCAN,743,,,,,,,111.0,0.0,0.0
DBSCAN,744,,,,,,,57.0,0.0,0.0
DBSCAN,745,,,,,,,52.0,0.0,0.0
DBSCAN,746,,,,,,,9.0,0.0,0.0
DBSCAN,747,,,,,,,64.0,0.0,0.0
DBSCAN,748,,,,,,,5.0,0.0,0.0
DBSCAN,749,,,,,,,191.0,0.0,0.0
DBSCAN,750,,,,,,,325.0,0.0,0.0
DBSCAN,751,,,,,,,69.0,0.0,0.0
DBSCAN,752,,,,,,,36.0,0.0,0.0
DBSCAN,753,,,,,,,27.0,0.0,0.0
DBSCAN,754,,,,,,,177.0,0.0,0.0
DBSCAN,755,,,,,,,69.0,0.0,0.0
DBSCAN,756,,,,,,,105.0,0.0,0.0
DBSCAN,757,,,,,,,20.0,0.0,0.0
DBSCAN,758,,,,,,,7.0,0.0,0.0
DBSCAN,759,,,,,,,1076.0,0.0,0.0
DBSCAN,760,,,,,,,20.0,0.0,0.0
DBSCAN,761,,,,,,,25.0,0.0,0.0
DBSCAN,762,,,,,,,13.0,0.0,0.0
DBSCAN,763,,,,,,,42.0,0.0,0.0
DBSCAN,764,,,,,,,329.0,0.0,0.0
DBSCAN,765,,,,,,,82.0,0.0,0.0
DBSCAN,766,,,,,,,491.0,0.0,0.0
DBSCAN,767,,,,,,,168.0,0.0,0.0
DBSCAN,768,,,,,,,388.0,0.0,0.0
DBSCAN,769,,,,,,,89.0,0.0,0.0
DBSCAN,770,,,,,,,20.0,0.0,0.0
DBSCAN,771,,,,,,,41.0,0.0,0.0
DBSCAN,772,,,,,,,24.0,0.0,0.0
DBSCAN,773,,,,,,,9.0,0.0,0.0
DBSCAN,774,,,,,,,21.0,0.0,0.0
DBSCAN,775,,,,,,,13.0,0.0,0.0
DBSCAN,776,,,,,,,11.0,0.0,0.0
DBSCAN,777,,,,,,,145.0,0.0,0.0
DBSCAN,778,,,,,,,419.0,0.0,0.0
DBSCAN,779,,,,,,,5.0,0.0,0.0
DBSCAN,780,,,,,,,6.0,0.0,0.0
DBSCAN,781,,,,,,,45.0,0.0,0.0
DBSCAN,782,,,,,,,27.0,0.0,0.0
DBSCAN,783,,,,,,,6.0,0.0,0.0
DBSCAN,784,,,,,,,41.0,0.0,0.0
DBSCAN,785,,,,,,,24.0,0.0,0.0
DBSCAN,786,,,,,,,51.0,0.0,0.0
DBSCAN,787,,,,,,,8.0,0.0,0.0
DBSCAN,788,,,,,,,9.0,0.0,0.0
DBSCAN,789,,,,,,,7.0,0.0,0.0
DBSCAN,790,,,,,,,29.0,0.0,0.0
DBSCAN,791,,,,,,,8.0,0.0,0.0
DBSCAN,792,,,,,,,5.0,0.0,0.0
DBSCAN,793,,,,,,,29.0,0.0,0.0
DBSCAN,794,,,,,,,55.0,0.0,0.0
DBSCAN,795,,,,,,,5.0,0.0,0.0
DBSCAN,796,,,,,,,157.0,0.0,0.0
DBSCAN,797,,,,,,,125.0,0.0,0.0
DBSCAN,798,,,,,,,38.0,0.0,0.0
DBSCAN,799,,,,,,,103.0,0.0,0.0
DBSCAN,800,,,,,,,203.0,0.0,0.0
DBSCAN,801,,,,,,,306.0,0.0,0.0
DBSCAN,802,,,,,,,343.0,0.0,0.0
DBSCAN,803,,,,,,,319.0,0.0,0.0
DBSCAN,804,,,,,,,8.0,0.0,0.0
DBSCAN,805,,,,,,,633.0,0.0,0.0
DBSCAN,806,,,,,,,179.0,0.0,0.0
DBSCAN,807,,,,,,,27.0,0.0,0.0
DBSCAN,808,,,,,,,168.0,0.0,0.0
DBSCAN,809,,,,,,,43.0,0.0,0.0
DBSCAN,810,,,,,,,68.0,0.0,0.0
DBSCAN,811,,,,,,,46.0,0.0,0.0
DBSCAN,812,,,,,,,65.0,0.0,0.0
DBSCAN,813,,,,,,,85.0,0.0,0.0
DBSCAN,814,,,,,,,40.0,0.0,0.0
DBSCAN,815,,,,,,,25.0,0.0,0.0
DBSCAN,816,,,,,,,166.0,0.0,0.0
DBSCAN,817,,,,,,,220.0,0.0,0.0
DBSCAN,818,,,,,,,138.0,0.0,0.0
DBSCAN,819,,,,,,,26.0,0.0,0.0
DBSCAN,820,,,,,,,713.0,0.0,0.0
DBSCAN,821,,,,,,,475.0,0.0,0.0
DBSCAN,822,,,,,,,59.0,0.0,0.0
DBSCAN,823,,,,,,,258.0,0.0,0.0
DBSCAN,824,,,,,,,13.0,0.0,0.0
DBSCAN,825,,,,,,,28.0,0.0,0.0
DBSCAN,826,,,,,,,26.0,0.0,0.0
DBSCAN,827,,,,,,,31.0,0.0,0.0
DBSCAN,828,,,,,,,5.0,0.0,0.0
DBSCAN,829,,,,,,,337.0,0.0,0.0
DBSCAN,830,,,,,,,93.0,0.0,0.0
DBSCAN,831,,,,,,,7.0,0.0,0.0
DBSCAN,832,,,,,,,43.0,0.0,0.0
DBSCAN,833,,,,,,,36.0,0.0,0.0
DBSCAN,834,,,,,,,150.0,0.0,0.0
DBSCAN,835,,,,,,,345.0,0.0,0.0
DBSCAN,836,,,,,,,208.0,0.0,0.0
DBSCAN,837,,,,,,,50.0,0.0,0.0
DBSCAN,838,,,,,,,285.0,0.0,0.0
DBSCAN,839,,,,,,,110.0,0.0,0.0
DBSCAN,840,,,,,,,10.0,0.0,0.0
DBSCAN,841,,,,,,,32.0,0.0,0.0
DBSCAN,842,,,,,,,20.0,0.0,0.0
DBSCAN,843,,,,,,,68.0,0.0,0.0
DBSCAN,844,,,,,,,1367.0,0.0,0.0
DBSCAN,845,,,,,,,52.0,0.0,0.0
DBSCAN,846,,,,,,,187.0,0.0,0.0
DBSCAN,847,,,,,,,111.0,0.0,0.0
DBSCAN,848,,,,,,,14.0,0.0,0.0
DBSCAN,849,,,,,,,29.0,0.0,0.0
DBSCAN,850,,,,,,,179.0,0.0,0.0
DBSCAN,851,,,,,,,73.0,0.0,0.0
DBSCAN,852,,,,,,,16.0,0.0,0.0
DBSCAN,853,,,,,,,42.0,0.0,0.0
DBSCAN,854,,,,,,,58.0,0.0,0.0
DBSCAN,855,,,,,,,32.0,0.0,0.0
DBSCAN,856,,,,,,,48.0,0.0,0.0
DBSCAN,857,,,,,,,63.0,0.0,0.0
DBSCAN,858,,,,,,,14.0,0.0,0.0
DBSCAN,859,,,,,,,14.0,0.0,0.0
DBSCAN,860,,,,,,,29.0,0.0,0.0
DBSCAN,861,,,,,,,160.0,0.0,0.0
DBSCAN,862,,,,,,,7.0,0.0,0.0
DBSCAN,863,,,,,,,11.0,0.0,0.0
DBSCAN,864,,,,,,,70.0,0.0,0.0
DBSCAN,865,,,,,,,5.0,0.0,0.0
DBSCAN,866,,,,,,,57.0,0.0,0.0
DBSCAN,867,,,,,,,27.0,0.0,0.0
DBSCAN,868,,,,,,,40.0,0.0,0.0
DBSCAN,869,,,,,,,41.0,0.0,0.0
DBSCAN,870,,,,,,,687.0,0.0,0.0
DBSCAN,871,,,,,,,392.0,0.0,0.0
DBSCAN,872,,,,,,,113.0,0.0,0.0
DBSCAN,873,,,,,,,65.0,0.0,0.0
DBSCAN,874,,,,,,,92.0,0.0,0.0
DBSCAN,875,,,,,,,96.0,0.0,0.0
DBSCAN,876,,,,,,,101.0,0.0,0.0
DBSCAN,877,,,,,,,51.0,0.0,0.0
DBSCAN,878,,,,,,,24.0,0.0,0.0
DBSCAN,879,,,,,,,266.0,0.0,0.0
DBSCAN,880,,,,,,,159.0,0.0,0.0
DBSCAN,881,,,,,,,55.0,0.0,0.0
DBSCAN,882,,,,,,,12.0,0.0,0.0
DBSCAN,883,,,,,,,62.0,0.0,0.0
DBSCAN,884,,,,,,,17.0,0.0,0.0
DBSCAN,885,,,,,,,43.0,0.0,0.0
DBSCAN,886,,,,,,,5.0,0.0,0.0
DBSCAN,887,,,,,,,16.0,0.0,0.0
DBSCAN,888,,,,,,,16.0,0.0,0.0
DBSCAN,889,,,,,,,6.0,0.0,0.0
DBSCAN,890,,,,,,,16.0,0.0,0.0
DBSCAN,891,,,,,,,713.0,0.0,0.0
DBSCAN,892,,,,,,,24.0,0.0,0.0
DBSCAN,893,,,,,,,39.0,0.0,0.0
DBSCAN,894,,,,,,,101.0,0.0,0.0
DBSCAN,895,,,,,,,80.0,0.0,0.0
DBSCAN,896,,,,,,,155.0,0.0,0.0
DBSCAN,897,,,,,,,6.0,0.0,0.0
DBSCAN,898,,,,,,,37.0,0.0,0.0
DBSCAN,899,,,,,,,21.0,0.0,0.0
DBSCAN,900,,,,,,,27.0,0.0,0.0
DBSCAN,901,,,,,,,15.0,0.0,0.0
DBSCAN,902,,,,,,,209.0,0.0,0.0
DBSCAN,903,,,,,,,14.0,0.0,0.0
