node_u,node_v,weight,record_count,duration_sum,contacts_infected_sum
ind1_profile::0|2|1|0|0|2,ind2_profile::0|2|0|1|1|0,815.0,231,7560.0,511.0
ind1_profile::0|2|1|0|0|2,ind2_profile::0|1|1|0|2|0,32.0,8,480.0,16.0
ind1_profile::0|2|1|0|0|2,ind2_profile::0|1|0|0|0|0,52.0,13,480.0,26.0
ind1_profile::0|2|1|0|0|2,ind2_profile::0|1|0|0|1|0,93.0,31,720.0,93.0
ind1_profile::0|2|1|0|0|2,ind2_profile::0|0|1|0|0|0,30.0,15,340.0,0.0
ind1_profile::0|2|1|0|0|2,ind2_profile::0|3|1|0|0|0,189.0,63,1720.0,189.0
ind1_profile::0|2|1|0|0|2,ind2_profile::0|0|0|0|2|0,72.0,18,820.0,54.0
ind1_profile::0|2|1|0|0|2,ind2_profile::0|5|0|0|1|0,212.0,53,2220.0,159.0
ind1_profile::0|2|1|0|0|2,ind2_profile::0|1|0|1|0|0,112.0,28,840.0,84.0
ind1_profile::0|2|1|0|0|2,ind2_profile::0|5|1|0|2|0,40.0,10,380.0,30.0
ind2_profile::0|2|0|1|1|0,ind1_profile::0|0|1|0|0|0,326.0,62,2460.0,116.0
ind2_profile::0|2|0|1|1|0,ind1_profile::0|1|0|0|1|0,1915.0,372,14640.0,1638.0
ind2_profile::0|2|0|1|1|0,ind1_profile::0|3|1|0|0|0,317.0,120,3680.0,274.0
ind2_profile::0|2|0|1|1|0,ind1_profile::0|1|1|0|3|0,170.0,85,3680.0,0.0
ind2_profile::0|2|0|1|1|0,ind1_profile::0|0|0|0|0|0,1536.0,294,10980.0,1242.0
ind2_profile::0|2|0|1|1|0,ind1_profile::0|2|0|0|1|0,348.0,87,3120.0,260.0
ind2_profile::0|2|0|1|1|0,ind1_profile::0|4|0|0|0|0,176.0,44,2400.0,88.0
ind2_profile::0|2|0|1|1|0,ind1_profile::0|2|1|0|3|2,168.0,28,800.0,140.0
ind2_profile::0|2|0|1|1|0,ind1_profile::0|3|0|0|2|0,820.0,142,5500.0,32.0
ind2_profile::0|2|0|1|1|0,ind1_profile::0|4|1|0|0|0,12.0,3,200.0,6.0
ind2_profile::0|2|0|1|1|0,ind1_profile::0|0|0|0|2|0,64.0,16,620.0,32.0
ind2_profile::0|2|0|1|1|0,ind1_profile::0|1|1|0|2|0,16.0,4,100.0,8.0
ind2_profile::0|2|0|1|1|0,ind1_profile::0|1|0|0|0|0,24.0,6,160.0,12.0
ind2_profile::0|2|0|1|1|0,ind1_profile::0|5|1|0|0|0,329.0,329,11620.0,329.0
ind2_profile::0|2|0|1|1|0,ind1_profile::0|5|0|0|1|0,354.0,59,2640.0,0.0
ind2_profile::0|2|0|1|1|0,ind1_profile::0|2|1|0|0|0,24.0,8,360.0,24.0
ind2_profile::0|2|0|1|1|0,ind1_profile::0|1|0|0|3|0,237.0,79,3060.0,237.0
ind2_profile::0|1|1|0|2|0,ind1_profile::0|2|0|1|1|0,16.0,4,100.0,8.0
ind2_profile::0|1|1|0|2|0,ind1_profile::0|2|0|0|1|0,20.0,5,180.0,10.0
ind2_profile::0|1|0|0|0|0,ind1_profile::0|2|0|1|1|0,24.0,6,160.0,12.0
ind2_profile::0|1|0|0|0|0,ind1_profile::0|0|0|0|0|0,2790.0,493,22320.0,2129.0
ind2_profile::0|1|0|0|0|0,ind1_profile::0|1|0|1|1|0,374.0,76,3760.0,228.0
ind2_profile::0|1|0|0|0|0,ind1_profile::0|3|0|0|0|0,1148.0,207,7260.0,847.0
ind2_profile::0|1|0|0|0|0,ind1_profile::0|2|1|0|2|2,85.0,17,1060.0,51.0
ind2_profile::0|1|0|0|0|0,ind1_profile::0|4|1|0|0|0,505.0,101,4600.0,303.0
ind2_profile::0|1|0|0|0|0,ind1_profile::0|1|0|0|2|0,381.0,127,3820.0,381.0
ind2_profile::0|1|0|0|0|0,ind1_profile::0|1|1|0|2|2,549.0,183,5940.0,549.0
ind2_profile::0|1|0|0|0|0,ind1_profile::0|1|0|1|2|0,600.0,100,3680.0,500.0
ind2_profile::0|1|0|0|0|0,ind1_profile::0|1|1|0|0|0,150.0,25,1040.0,125.0
ind2_profile::0|1|0|0|0|0,ind1_profile::0|2|1|0|1|0,132.0,22,540.0,110.0
ind2_profile::0|1|0|0|0|0,ind1_profile::0|2|0|0|1|0,450.0,75,2120.0,375.0
ind1_profile::0|2|0|1|1|0,ind2_profile::0|2|0|0|1|0,348.0,87,3120.0,260.0
ind1_profile::0|2|0|1|1|0,ind2_profile::0|5|1|0|0|0,329.0,329,11620.0,329.0
ind1_profile::0|2|0|1|1|0,ind2_profile::0|5|0|0|1|0,354.0,59,2640.0,0.0
ind1_profile::0|2|0|1|1|0,ind2_profile::0|3|0|0|2|0,820.0,142,5500.0,32.0
ind1_profile::0|2|0|1|1|0,ind2_profile::0|0|1|0|0|0,326.0,62,2460.0,116.0
ind1_profile::0|2|0|1|1|0,ind2_profile::0|2|1|0|0|0,24.0,8,360.0,24.0
ind1_profile::0|2|0|1|1|0,ind2_profile::0|1|0|0|3|0,237.0,79,3060.0,237.0
ind1_profile::0|2|0|1|1|0,ind2_profile::0|3|1|0|0|0,317.0,120,3680.0,274.0
ind1_profile::0|2|0|1|1|0,ind2_profile::0|2|1|0|0|2,815.0,231,7560.0,511.0
ind1_profile::0|2|0|1|1|0,ind2_profile::0|1|0|0|1|0,1915.0,372,14640.0,1638.0
ind1_profile::0|2|0|1|1|0,ind2_profile::0|1|1|0|3|0,170.0,85,3680.0,0.0
ind1_profile::0|2|0|1|1|0,ind2_profile::0|0|0|0|0|0,1536.0,294,10980.0,1242.0
ind1_profile::0|2|0|1|1|0,ind2_profile::0|4|0|0|0|0,176.0,44,2400.0,88.0
ind1_profile::0|2|0|1|1|0,ind2_profile::0|2|1|0|3|2,168.0,28,800.0,140.0
ind1_profile::0|2|0|1|1|0,ind2_profile::0|4|1|0|0|0,12.0,3,200.0,6.0
ind1_profile::0|2|0|1|1|0,ind2_profile::0|0|0|0|2|0,64.0,16,620.0,32.0
ind2_profile::0|2|0|0|1|0,ind1_profile::0|1|1|0|2|0,20.0,5,180.0,10.0
ind2_profile::0|2|0|0|1|0,ind1_profile::0|1|0|0|1|0,64.0,16,900.0,48.0
ind2_profile::0|2|0|0|1|0,ind1_profile::0|0|0|0|0|0,874.0,161,5620.0,713.0
ind2_profile::0|2|0|0|1|0,ind1_profile::0|0|1|0|0|0,172.0,43,2260.0,105.0
ind2_profile::0|2|0|0|1|0,ind1_profile::0|1|0|1|0|0,1592.0,398,23140.0,1194.0
ind2_profile::0|2|0|0|1|0,ind1_profile::0|3|1|0|0|0,224.0,112,4040.0,224.0
ind2_profile::0|2|0|0|1|0,ind1_profile::0|2|1|0|1|0,1418.0,319,17280.0,1099.0
ind2_profile::0|2|0|0|1|0,ind1_profile::0|3|0|0|0|0,1466.0,349,15360.0,1117.0
ind2_profile::0|2|0|0|1|0,ind1_profile::0|1|0|1|2|0,42.0,7,200.0,35.0
ind2_profile::0|2|0|0|1|0,ind1_profile::0|1|1|0|0|0,120.0,22,820.0,101.0
ind2_profile::0|2|0|0|1|0,ind1_profile::0|1|0|0|0|0,450.0,75,2120.0,375.0
ind2_profile::0|2|0|0|1|0,ind1_profile::0|2|1|1|2|2,492.0,246,9640.0,492.0
ind2_profile::0|2|0|0|1|0,ind1_profile::0|0|0|0|1|0,152.0,38,1520.0,0.0
ind2_profile::0|2|0|0|1|0,ind1_profile::0|5|0|1|1|0,120.0,30,960.0,0.0
ind2_profile::0|2|0|0|1|0,ind1_profile::0|1|0|1|1|0,754.0,377,16640.0,12.0
ind2_profile::0|2|0|0|1|0,ind1_profile::0|4|0|0|0|0,988.0,494,20140.0,0.0
ind1_profile::0|0|1|0|0|0,ind2_profile::0|3|0|0|0|0,808.0,336,12980.0,204.0
ind1_profile::0|0|1|0|0|0,ind2_profile::0|2|1|1|2|0,174.0,87,3120.0,0.0
ind1_profile::0|0|1|0|0|0,ind2_profile::0|5|0|0|1|0,360.0,60,2060.0,0.0
ind1_profile::0|0|1|0|0|0,ind2_profile::0|3|0|0|2|0,1338.0,223,9020.0,0.0
ind1_profile::0|0|1|0|0|0,ind2_profile::0|2|1|0|0|2,30.0,15,340.0,0.0
ind1_profile::0|0|1|0|0|0,ind2_profile::0|1|0|1|0|0,220.0,55,3460.0,165.0
ind1_profile::0|0|1|0|0|0,ind2_profile::0|2|1|0|1|0,300.0,75,4200.0,225.0
ind1_profile::0|0|1|0|0|0,ind2_profile::0|2|1|0|0|0,78.0,26,1200.0,78.0
ind1_profile::0|0|1|0|0|0,ind2_profile::0|1|0|0|3|0,138.0,46,2100.0,138.0
ind1_profile::0|0|1|0|0|0,ind2_profile::0|2|1|0|3|2,510.0,85,3740.0,425.0
ind1_profile::0|0|1|0|0|0,ind2_profile::0|5|0|0|1|2,595.0,119,3700.0,238.0
ind1_profile::0|0|1|0|0|0,ind2_profile::0|1|1|1|0|0,120.0,24,860.0,48.0
ind1_profile::0|0|1|0|0|0,ind2_profile::0|5|1|0|0|2,80.0,16,480.0,32.0
ind1_profile::0|0|1|0|0|0,ind2_profile::0|3|1|0|2|0,35.0,7,160.0,14.0
ind1_profile::0|0|1|0|0|0,ind2_profile::0|0|0|0|0|0,1152.0,192,7040.0,960.0
ind1_profile::0|0|1|0|0|0,ind2_profile::0|1|0|0|1|0,1470.0,245,11340.0,1225.0
ind2_profile::0|3|0|0|0|0,ind1_profile::0|0|0|0|0|0,6849.0,1300,54220.0,4260.0
ind2_profile::0|3|0|0|0|0,ind1_profile::0|1|0|1|1|0,1885.0,377,13120.0,1131.0
ind2_profile::0|3|0|0|0|0,ind1_profile::0|5|1|1|0|2,440.0,110,3700.0,0.0
ind2_profile::0|3|0|0|0|0,ind1_profile::0|1|0|1|0|0,2300.0,575,36740.0,1725.0
ind2_profile::0|3|0|0|0|0,ind1_profile::0|2|1|0|1|0,1598.0,375,21780.0,1223.0
ind2_profile::0|3|0|0|0|0,ind1_profile::0|2|1|0|3|2,18.0,3,280.0,15.0
ind2_profile::0|3|0|0|0|0,ind1_profile::0|2|0|0|2|0,928.0,232,8820.0,0.0
ind2_profile::0|3|0|0|0|0,ind1_profile::0|2|0|1|2|2,54.0,9,420.0,45.0
ind2_profile::0|3|0|0|0|0,ind1_profile::0|2|1|1|2|0,706.0,353,11340.0,0.0
ind2_profile::0|3|0|0|0|0,ind1_profile::0|2|1|0|2|2,170.0,34,760.0,102.0
ind2_profile::0|3|0|0|0|0,ind1_profile::0|4|1|0|0|0,2360.0,472,22920.0,1416.0
ind2_profile::0|3|0|0|0|0,ind1_profile::0|1|0|0|0|0,1148.0,207,7260.0,847.0
ind2_profile::0|3|0|0|0|0,ind1_profile::0|1|0|1|2|0,234.0,39,1260.0,195.0
ind2_profile::0|3|0|0|0|0,ind1_profile::0|1|1|0|0|0,432.0,72,2680.0,360.0
ind2_profile::0|3|0|0|0|0,ind1_profile::0|2|0|0|1|0,1466.0,349,15360.0,1117.0
ind2_profile::0|2|1|1|2|0,ind1_profile::0|3|0|0|0|0,706.0,353,11340.0,0.0
ind1_profile::0|2|0|1|4|1,ind2_profile::0|1|0|0|4|1,78.0,26,840.0,0.0
ind1_profile::0|2|0|1|4|1,ind2_profile::0|4|1|0|4|0,642.0,214,7160.0,0.0
ind2_profile::0|1|0|0|4|1,ind1_profile::0|4|1|0|4|0,120.0,40,1520.0,0.0
ind2_profile::0|4|1|0|4|0,ind1_profile::0|1|0|0|4|1,120.0,40,1520.0,0.0
ind1_profile::0|3|1|0|0|0,ind2_profile::0|2|1|1|3|2,477.0,159,6700.0,0.0
ind1_profile::0|3|1|0|0|0,ind2_profile::0|3|1|0|4|0,366.0,122,4340.0,0.0
ind1_profile::0|3|1|0|0|0,ind2_profile::0|0|0|0|1|0,5705.0,1141,47740.0,1141.0
ind1_profile::0|3|1|0|0|0,ind2_profile::0|1|1|1|1|0,295.0,59,2480.0,59.0
ind1_profile::0|3|1|0|0|0,ind2_profile::0|1|1|0|0|0,2795.0,559,19080.0,559.0
ind1_profile::0|3|1|0|0|0,ind2_profile::0|5|0|0|1|0,1545.0,309,10420.0,309.0
ind1_profile::0|3|1|0|0|0,ind2_profile::0|2|1|0|0|2,189.0,63,1720.0,189.0
ind1_profile::0|3|1|0|0|0,ind2_profile::0|2|1|1|2|2,424.0,212,10260.0,424.0
ind1_profile::0|3|1|0|0|0,ind2_profile::0|3|1|0|0|0,15768.0,2628,154320.0,10512.0
ind1_profile::0|3|1|0|0|0,ind2_profile::0|1|1|0|0|2,48.0,8,220.0,32.0
ind1_profile::0|3|1|0|0|0,ind2_profile::0|1|0|0|1|0,66.0,22,540.0,66.0
ind1_profile::0|3|1|0|0|0,ind2_profile::0|1|1|1|0|0,1722.0,287,14240.0,1148.0
ind1_profile::0|3|1|0|0|0,ind2_profile::0|1|0|0|2|0,942.0,157,5460.0,628.0
ind1_profile::0|3|1|0|0|0,ind2_profile::0|2|0|0|3|0,6738.0,1123,43640.0,4492.0
ind2_profile::0|2|1|1|3|2,ind1_profile::0|3|1|0|4|0,312.0,104,6780.0,0.0
ind2_profile::0|3|1|0|4|0,ind1_profile::0|2|1|1|3|2,312.0,104,6780.0,0.0
ind1_profile::0|1|1|0|2|0,ind2_profile::0|2|1|0|0|2,32.0,8,480.0,16.0
ind2_profile::0|5|0|0|1|0,ind1_profile::0|0|0|0|1|0,1445.0,289,11480.0,289.0
ind2_profile::0|5|0|0|1|0,ind1_profile::0|1|1|1|1|0,30.0,6,340.0,6.0
ind2_profile::0|5|0|0|1|0,ind1_profile::0|1|1|0|0|0,420.0,84,2860.0,84.0
ind2_profile::0|5|0|0|1|0,ind1_profile::0|2|1|1|0|0,254.0,127,4840.0,127.0
ind2_profile::0|5|0|0|1|0,ind1_profile::0|0|0|0|2|0,772.0,193,8080.0,579.0
ind2_profile::0|5|0|0|1|0,ind1_profile::0|3|0|0|2|0,1344.0,224,12440.0,0.0
ind2_profile::0|5|0|0|1|0,ind1_profile::0|5|1|1|2|0,14.0,14,460.0,0.0
ind2_profile::0|5|0|0|1|0,ind1_profile::0|1|0|1|0|0,688.0,172,5840.0,516.0
ind2_profile::0|5|0|0|1|0,ind1_profile::0|5|1|0|2|0,1624.0,406,18500.0,1218.0
ind2_profile::0|5|0|0|1|0,ind1_profile::0|3|1|0|2|0,246.0,123,4060.0,123.0
ind2_profile::0|3|0|0|2|0,ind1_profile::0|5|0|0|1|0,1344.0,224,12440.0,0.0
ind2_profile::0|3|0|0|2|0,ind1_profile::0|3|0|0|2|0,8580.0,1430,63080.0,0.0
ind2_profile::0|3|0|0|2|0,ind1_profile::0|4|0|0|0|0,240.0,60,2580.0,120.0
ind2_profile::0|3|0|0|2|0,ind1_profile::0|4|1|0|0|0,88.0,22,1040.0,44.0
ind2_profile::0|3|0|0|2|0,ind1_profile::0|0|0|0|2|0,188.0,47,1860.0,94.0
ind1_profile::0|2|1|0|2|0,ind2_profile::0|2|0|1|0|0,682.0,341,14180.0,341.0
ind1_profile::0|2|1|0|2|0,ind2_profile::0|0|0|0|0|0,222.0,111,4140.0,111.0
ind1_profile::0|2|1|0|2|0,ind2_profile::0|5|1|0|0|0,22.0,11,380.0,11.0
ind1_profile::0|2|1|0|2|0,ind2_profile::0|1|0|1|1|0,48.0,24,940.0,24.0
ind2_profile::0|2|0|1|0|0,ind1_profile::0|0|0|0|0|0,226.0,113,3560.0,113.0
ind2_profile::0|0|0|0|0|0,ind1_profile::0|2|0|1|0|0,226.0,113,3560.0,113.0
ind2_profile::0|0|0|0|0|0,ind1_profile::0|1|0|0|1|0,2038.0,349,16760.0,1689.0
ind2_profile::0|0|0|0|0|0,ind1_profile::0|5|1|1|0|2,512.0,128,3980.0,0.0
ind2_profile::0|0|0|0|0|0,ind1_profile::0|0|0|0|0|0,14256.0,2618,123400.0,9460.0
ind2_profile::0|0|0|0|0|0,ind1_profile::0|2|1|0|3|2,1314.0,219,8660.0,1095.0
ind2_profile::0|0|0|0|0|0,ind1_profile::0|2|0|0|1|0,874.0,161,5620.0,713.0
ind2_profile::0|0|0|0|0|0,ind1_profile::0|2|0|0|2|0,680.0,170,5400.0,0.0
ind2_profile::0|0|0|0|0|0,ind1_profile::0|2|0|1|2|2,930.0,155,6800.0,775.0
ind2_profile::0|0|0|0|0|0,ind1_profile::0|3|0|0|0|0,6849.0,1300,54220.0,4260.0
ind2_profile::0|0|0|0|0|0,ind1_profile::0|1|0|1|1|0,1075.0,215,7860.0,645.0
ind2_profile::0|0|0|0|0|0,ind1_profile::0|2|1|0|2|2,525.0,105,3520.0,315.0
ind2_profile::0|0|0|0|0|0,ind1_profile::0|4|1|0|0|0,2635.0,527,22240.0,1581.0
ind2_profile::0|0|0|0|0|0,ind1_profile::0|1|0|0|0|0,2790.0,493,22320.0,2129.0
ind2_profile::0|0|0|0|0|0,ind1_profile::0|1|0|1|2|0,732.0,122,5340.0,610.0
ind2_profile::0|0|0|0|0|0,ind1_profile::0|1|1|0|0|0,900.0,150,6000.0,750.0
ind2_profile::0|0|0|0|0|0,ind1_profile::0|2|1|0|1|0,1236.0,206,8060.0,1030.0
ind2_profile::0|0|0|0|1|0,ind1_profile::0|1|1|1|1|0,340.0,68,1840.0,68.0
ind2_profile::0|0|0|0|1|0,ind1_profile::0|1|1|0|0|0,2350.0,470,19420.0,470.0
ind2_profile::0|0|0|0|1|0,ind1_profile::0|5|0|0|1|0,1445.0,289,11480.0,289.0
ind2_profile::0|0|0|0|1|0,ind1_profile::0|5|0|1|1|0,116.0,29,760.0,0.0
ind2_profile::0|0|0|0|1|0,ind1_profile::0|2|0|0|1|0,152.0,38,1520.0,0.0
ind2_profile::0|1|1|1|1|0,ind1_profile::0|0|0|0|1|0,340.0,68,1840.0,68.0
ind2_profile::0|1|1|1|1|0,ind1_profile::0|1|1|0|0|0,95.0,19,760.0,19.0
ind2_profile::0|1|1|1|1|0,ind1_profile::0|5|0|0|1|0,30.0,6,340.0,6.0
ind2_profile::0|1|1|0|0|0,ind1_profile::0|0|0|0|1|0,2350.0,470,19420.0,470.0
ind2_profile::0|1|1|0|0|0,ind1_profile::0|1|1|1|1|0,95.0,19,760.0,19.0
ind2_profile::0|1|1|0|0|0,ind1_profile::0|1|1|0|0|0,3870.0,774,31520.0,774.0
ind2_profile::0|1|1|0|0|0,ind1_profile::0|5|0|0|1|0,420.0,84,2860.0,84.0
ind2_profile::0|1|1|0|0|0,ind1_profile::0|0|0|0|0|0,900.0,150,6000.0,750.0
ind2_profile::0|1|1|0|0|0,ind1_profile::0|3|0|0|0|0,432.0,72,2680.0,360.0
ind2_profile::0|1|1|0|0|0,ind1_profile::0|1|0|1|0|0,6.0,3,160.0,3.0
ind2_profile::0|1|1|0|0|0,ind1_profile::0|1|0|1|2|0,108.0,18,560.0,90.0
ind2_profile::0|1|1|0|0|0,ind1_profile::0|1|0|0|0|0,150.0,25,1040.0,125.0
ind2_profile::0|1|1|0|0|0,ind1_profile::0|2|1|0|1|0,36.0,6,140.0,30.0
ind2_profile::0|1|1|0|0|0,ind1_profile::0|2|0|0|1|0,120.0,22,820.0,101.0
ind2_profile::0|1|1|0|0|0,ind1_profile::0|1|0|1|1|0,2.0,1,20.0,2.0
ind1_profile::0|1|0|0|2|0,ind2_profile::0|5|0|0|0|0,1092.0,364,13840.0,0.0
ind1_profile::0|1|0|0|2|0,ind2_profile::0|1|1|1|0|2,6.0,2,40.0,0.0
ind1_profile::0|1|0|0|2|0,ind2_profile::0|1|1|0|2|2,657.0,219,6880.0,657.0
ind1_profile::0|1|0|0|2|0,ind2_profile::0|1|0|1|1|0,387.0,129,4500.0,387.0
ind1_profile::0|1|0|0|2|0,ind2_profile::0|2|0|0|3|0,642.0,107,4680.0,428.0
ind1_profile::0|1|0|0|2|0,ind2_profile::0|3|1|0|0|0,942.0,157,5460.0,628.0
ind1_profile::0|1|0|0|2|0,ind2_profile::0|1|1|0|0|2,6.0,1,20.0,4.0
ind1_profile::0|1|0|0|2|0,ind2_profile::0|1|1|1|0|0,996.0,166,7180.0,664.0
ind2_profile::0|5|0|0|0|0,ind1_profile::0|1|1|1|0|2,39.0,13,340.0,0.0
ind2_profile::0|1|1|1|0|2,ind1_profile::0|5|0|0|0|0,39.0,13,340.0,0.0
ind1_profile::0|1|0|0|1|0,ind2_profile::0|3|1|0|0|0,66.0,22,540.0,66.0
ind1_profile::0|1|0|0|1|0,ind2_profile::0|2|1|0|0|2,93.0,31,720.0,93.0
ind1_profile::0|1|0|0|1|0,ind2_profile::0|0|1|0|0|0,1470.0,245,11340.0,1225.0
ind1_profile::0|1|0|0|1|0,ind2_profile::0|2|1|0|3|2,1326.0,221,10240.0,1105.0
ind1_profile::0|1|0|0|1|0,ind2_profile::0|1|0|1|0|2,53.0,53,1720.0,53.0
ind2_profile::0|3|1|0|0|0,ind1_profile::0|1|1|1|0|0,1722.0,287,14240.0,1148.0
ind2_profile::0|3|1|0|0|0,ind1_profile::0|2|0|0|3|0,6738.0,1123,43640.0,4492.0
ind2_profile::0|3|1|0|0|0,ind1_profile::0|2|1|1|3|2,477.0,159,6700.0,0.0
ind2_profile::0|3|1|0|0|0,ind1_profile::0|3|1|0|4|0,366.0,122,4340.0,0.0
ind2_profile::0|3|1|0|0|0,ind1_profile::0|0|0|0|1|0,5705.0,1141,47740.0,1141.0
ind2_profile::0|3|1|0|0|0,ind1_profile::0|1|1|1|1|0,295.0,59,2480.0,59.0
ind2_profile::0|3|1|0|0|0,ind1_profile::0|1|1|0|0|0,2795.0,559,19080.0,559.0
ind2_profile::0|3|1|0|0|0,ind1_profile::0|5|0|0|1|0,1545.0,309,10420.0,309.0
ind2_profile::0|3|1|0|0|0,ind1_profile::0|2|1|1|2|2,424.0,212,10260.0,424.0
ind2_profile::0|3|1|0|0|0,ind1_profile::0|2|0|0|1|0,224.0,112,4040.0,224.0
ind2_profile::0|3|1|0|0|0,ind1_profile::0|1|1|0|0|2,48.0,8,220.0,32.0
ind2_profile::0|2|1|0|0|2,ind1_profile::0|0|0|0|2|0,72.0,18,820.0,54.0
ind2_profile::0|2|1|0|0|2,ind1_profile::0|5|0|0|1|0,212.0,53,2220.0,159.0
ind2_profile::0|2|1|0|0|2,ind1_profile::0|1|0|1|0|0,112.0,28,840.0,84.0
ind2_profile::0|2|1|0|0|2,ind1_profile::0|5|1|0|2|0,40.0,10,380.0,30.0
ind2_profile::0|2|1|0|0|2,ind1_profile::0|1|0|0|0|0,52.0,13,480.0,26.0
ind1_profile::0|5|0|0|0|0,ind2_profile::0|1|0|0|2|0,1092.0,364,13840.0,0.0
ind1_profile::0|0|0|0|1|0,ind2_profile::0|5|0|1|1|0,116.0,29,760.0,0.0
ind1_profile::0|3|0|0|0|0,ind2_profile::0|2|1|0|2|2,170.0,34,760.0,102.0
ind1_profile::0|3|0|0|0|0,ind2_profile::0|4|1|0|0|0,2360.0,472,22920.0,1416.0
ind1_profile::0|3|0|0|0|0,ind2_profile::0|1|0|1|2|0,234.0,39,1260.0,195.0
ind1_profile::0|3|0|0|0|0,ind2_profile::0|2|1|0|1|0,1598.0,375,21780.0,1223.0
ind1_profile::0|3|0|0|0|0,ind2_profile::0|0|1|0|0|0,808.0,336,12980.0,204.0
ind1_profile::0|3|0|0|0|0,ind2_profile::0|1|0|1|1|0,1885.0,377,13120.0,1131.0
ind1_profile::0|3|0|0|0|0,ind2_profile::0|5|1|1|0|2,440.0,110,3700.0,0.0
ind1_profile::0|3|0|0|0|0,ind2_profile::0|1|0|1|0|0,2300.0,575,36740.0,1725.0
ind1_profile::0|3|0|0|0|0,ind2_profile::0|2|1|0|3|2,18.0,3,280.0,15.0
ind1_profile::0|3|0|0|0|0,ind2_profile::0|2|0|0|2|0,928.0,232,8820.0,0.0
ind1_profile::0|3|0|0|0|0,ind2_profile::0|2|0|1|2|2,54.0,9,420.0,45.0
ind1_profile::0|5|0|0|1|0,ind2_profile::0|5|1|1|2|0,14.0,14,460.0,0.0
ind1_profile::0|5|0|0|1|0,ind2_profile::0|1|0|1|0|0,688.0,172,5840.0,516.0
ind1_profile::0|5|0|0|1|0,ind2_profile::0|5|1|0|2|0,1624.0,406,18500.0,1218.0
ind1_profile::0|5|0|0|1|0,ind2_profile::0|3|1|0|2|0,246.0,123,4060.0,123.0
ind1_profile::0|5|0|0|1|0,ind2_profile::0|0|1|0|0|0,360.0,60,2060.0,0.0
ind1_profile::0|5|0|0|1|0,ind2_profile::0|2|1|1|0|0,254.0,127,4840.0,127.0
ind1_profile::0|5|0|0|1|0,ind2_profile::0|0|0|0|2|0,772.0,193,8080.0,579.0
ind1_profile::0|0|0|0|0|0,ind2_profile::0|1|0|1|1|0,1075.0,215,7860.0,645.0
ind1_profile::0|0|0|0|0|0,ind2_profile::0|2|1|0|2|2,525.0,105,3520.0,315.0
ind1_profile::0|0|0|0|0|0,ind2_profile::0|4|1|0|0|0,2635.0,527,22240.0,1581.0
ind1_profile::0|0|0|0|0|0,ind2_profile::0|2|0|0|2|0,680.0,170,5400.0,0.0
ind1_profile::0|0|0|0|0|0,ind2_profile::0|1|0|1|2|0,732.0,122,5340.0,610.0
ind1_profile::0|0|0|0|0|0,ind2_profile::0|2|1|0|1|0,1236.0,206,8060.0,1030.0
ind1_profile::0|0|0|0|0|0,ind2_profile::0|1|0|0|1|0,2038.0,349,16760.0,1689.0
ind1_profile::0|0|0|0|0|0,ind2_profile::0|0|1|0|0|0,1152.0,192,7040.0,960.0
ind1_profile::0|0|0|0|0|0,ind2_profile::0|2|1|0|3|2,1314.0,219,8660.0,1095.0
ind1_profile::0|0|0|0|0|0,ind2_profile::0|2|0|1|2|2,930.0,155,6800.0,775.0
ind1_profile::0|0|0|0|0|0,ind2_profile::0|2|1|0|2|0,222.0,111,4140.0,111.0
ind1_profile::0|0|0|0|0|0,ind2_profile::0|5|1|1|0|2,512.0,128,3980.0,0.0
ind2_profile::0|1|0|1|1|0,ind1_profile::0|2|0|0|1|0,754.0,377,16640.0,12.0
ind2_profile::0|1|0|1|1|0,ind1_profile::0|1|1|0|2|2,120.0,40,1080.0,120.0
ind2_profile::0|1|0|1|1|0,ind1_profile::0|1|1|0|0|0,2.0,1,20.0,2.0
ind2_profile::0|1|0|1|1|0,ind1_profile::0|2|1|0|2|2,495.0,99,3140.0,297.0
ind2_profile::0|1|0|1|1|0,ind1_profile::0|4|1|0|0|0,3810.0,762,33440.0,2286.0
ind2_profile::0|1|0|1|1|0,ind1_profile::0|1|0|0|0|0,374.0,76,3760.0,228.0
ind2_profile::0|1|0|1|1|0,ind1_profile::0|4|0|0|0|0,978.0,489,21980.0,0.0
ind2_profile::0|2|1|0|2|2,ind1_profile::0|1|0|1|1|0,495.0,99,3140.0,297.0
ind2_profile::0|2|1|0|2|2,ind1_profile::0|4|1|0|0|0,730.0,146,4400.0,438.0
ind2_profile::0|2|1|0|2|2,ind1_profile::0|1|0|0|0|0,85.0,17,1060.0,51.0
ind2_profile::0|4|1|0|0|0,ind1_profile::0|1|0|1|1|0,3810.0,762,33440.0,2286.0
ind2_profile::0|4|1|0|0|0,ind1_profile::0|2|1|0|2|2,730.0,146,4400.0,438.0
ind2_profile::0|4|1|0|0|0,ind1_profile::0|4|0|0|0|0,148.0,37,1460.0,74.0
ind2_profile::0|4|1|0|0|0,ind1_profile::0|3|0|0|2|0,88.0,22,1040.0,44.0
ind2_profile::0|4|1|0|0|0,ind1_profile::0|1|0|0|0|0,505.0,101,4600.0,303.0
ind2_profile::0|4|1|0|0|0,ind1_profile::0|0|0|0|2|0,64.0,16,560.0,32.0
ind1_profile::0|5|0|0|1|2,ind2_profile::0|1|1|1|0|0,170.0,34,1280.0,68.0
ind1_profile::0|5|0|0|1|2,ind2_profile::0|5|1|0|0|2,1245.0,249,8200.0,498.0
ind1_profile::0|5|0|0|1|2,ind2_profile::0|3|1|0|2|0,515.0,103,3680.0,206.0
ind1_profile::0|5|0|0|1|2,ind2_profile::0|0|1|0|0|0,595.0,119,3700.0,238.0
ind2_profile::0|1|1|1|0|0,ind1_profile::0|5|1|0|0|2,80.0,16,860.0,32.0
ind2_profile::0|1|1|1|0|0,ind1_profile::0|3|1|0|2|0,10.0,2,40.0,4.0
ind2_profile::0|1|1|1|0|0,ind1_profile::0|2|0|0|3|0,960.0,160,6420.0,640.0
ind2_profile::0|5|1|0|0|2,ind1_profile::0|1|1|1|0|0,80.0,16,860.0,32.0
ind2_profile::0|5|1|0|0|2,ind1_profile::0|3|1|0|2|0,315.0,63,2620.0,126.0
ind2_profile::0|3|1|0|2|0,ind1_profile::0|1|1|1|0|0,10.0,2,40.0,4.0
ind2_profile::0|3|1|0|2|0,ind1_profile::0|5|1|0|0|2,315.0,63,2620.0,126.0
ind2_profile::0|3|1|0|2|0,ind1_profile::0|2|1|1|0|0,120.0,60,1920.0,60.0
ind2_profile::0|3|1|0|2|0,ind1_profile::0|1|0|1|2|0,852.0,426,22420.0,426.0
ind2_profile::0|3|1|0|2|0,ind1_profile::0|3|0|0|1|0,1584.0,792,38680.0,792.0
ind2_profile::0|0|1|0|0|0,ind1_profile::0|1|1|1|0|0,120.0,24,860.0,48.0
ind2_profile::0|0|1|0|0|0,ind1_profile::0|5|1|0|0|2,80.0,16,480.0,32.0
ind2_profile::0|0|1|0|0|0,ind1_profile::0|3|1|0|2|0,35.0,7,160.0,14.0
ind2_profile::0|0|1|0|0|0,ind1_profile::0|2|0|0|1|0,172.0,43,2260.0,105.0
ind2_profile::0|0|1|0|0|0,ind1_profile::0|2|1|1|2|0,174.0,87,3120.0,0.0
ind2_profile::0|0|1|0|0|0,ind1_profile::0|3|0|0|2|0,1338.0,223,9020.0,0.0
ind2_profile::0|0|1|0|0|0,ind1_profile::0|1|0|1|0|0,220.0,55,3460.0,165.0
ind2_profile::0|0|1|0|0|0,ind1_profile::0|2|1|0|1|0,300.0,75,4200.0,225.0
ind2_profile::0|0|1|0|0|0,ind1_profile::0|2|1|0|0|0,78.0,26,1200.0,78.0
ind2_profile::0|0|1|0|0|0,ind1_profile::0|1|0|0|3|0,138.0,46,2100.0,138.0
ind2_profile::0|0|1|0|0|0,ind1_profile::0|2|1|0|3|2,510.0,85,3740.0,425.0
ind1_profile::0|1|0|1|1|0,ind2_profile::0|4|0|0|0|0,978.0,489,21980.0,0.0
ind1_profile::0|1|0|1|1|0,ind2_profile::0|2|1|0|2|0,48.0,24,940.0,24.0
ind1_profile::0|1|0|1|1|0,ind2_profile::0|1|0|0|2|0,387.0,129,4500.0,387.0
ind1_profile::0|1|0|1|1|0,ind2_profile::0|1|1|0|2|2,120.0,40,1080.0,120.0
ind1_profile::0|3|0|0|2|0,ind2_profile::0|0|0|0|2|0,188.0,47,1860.0,94.0
ind1_profile::0|3|0|0|2|0,ind2_profile::0|4|0|0|0|0,240.0,60,2580.0,120.0
ind1_profile::0|1|1|1|0|0,ind2_profile::0|1|0|0|2|0,996.0,166,7180.0,664.0
ind1_profile::0|1|1|1|0|0,ind2_profile::0|2|0|0|3|0,960.0,160,6420.0,640.0
ind1_profile::0|1|1|1|0|0,ind2_profile::0|5|0|0|1|2,170.0,34,1280.0,68.0
ind1_profile::0|1|0|0|4|1,ind2_profile::0|2|0|1|4|1,78.0,26,840.0,0.0
ind1_profile::0|5|1|0|0|2,ind2_profile::0|5|0|0|1|2,1245.0,249,8200.0,498.0
ind1_profile::0|2|0|1|0|0,ind2_profile::0|2|1|0|2|0,682.0,341,14180.0,341.0
ind1_profile::0|1|1|0|0|0,ind2_profile::0|2|1|0|1|0,36.0,6,140.0,30.0
ind1_profile::0|1|1|0|0|0,ind2_profile::0|1|0|1|0|0,6.0,3,160.0,3.0
ind1_profile::0|1|1|0|0|0,ind2_profile::0|1|0|1|2|0,108.0,18,560.0,90.0
ind1_profile::0|3|1|0|2|0,ind2_profile::0|1|0|1|2|0,852.0,426,22420.0,426.0
ind1_profile::0|3|1|0|2|0,ind2_profile::0|3|0|0|1|0,1584.0,792,38680.0,792.0
ind1_profile::0|3|1|0|2|0,ind2_profile::0|5|0|0|1|2,515.0,103,3680.0,206.0
ind1_profile::0|3|1|0|2|0,ind2_profile::0|2|1|1|0|0,120.0,60,1920.0,60.0
ind1_profile::0|4|1|0|0|0,ind2_profile::0|0|0|0|2|0,64.0,16,560.0,32.0
ind1_profile::0|4|1|0|0|0,ind2_profile::0|4|0|0|0|0,148.0,37,1460.0,74.0
ind1_profile::0|5|1|1|0|2,ind2_profile::0|2|0|0|2|0,560.0,140,4540.0,0.0
ind2_profile::0|1|0|0|2|0,ind1_profile::0|1|1|1|0|2,6.0,2,40.0,0.0
ind2_profile::0|1|0|0|2|0,ind1_profile::0|1|1|0|2|2,657.0,219,6880.0,657.0
ind2_profile::0|1|0|0|2|0,ind1_profile::0|1|0|0|0|0,381.0,127,3820.0,381.0
ind2_profile::0|1|0|0|2|0,ind1_profile::0|2|0|0|3|0,642.0,107,4680.0,428.0
ind2_profile::0|1|0|0|2|0,ind1_profile::0|1|1|0|0|2,6.0,1,20.0,4.0
ind2_profile::0|2|0|0|3|0,ind1_profile::0|1|1|0|0|2,24.0,4,100.0,16.0
ind2_profile::0|1|0|1|2|0,ind1_profile::0|1|0|0|0|0,600.0,100,3680.0,500.0
ind2_profile::0|1|0|1|2|0,ind1_profile::0|2|1|0|1|0,114.0,19,620.0,95.0
ind2_profile::0|1|0|1|2|0,ind1_profile::0|2|0|0|1|0,42.0,7,200.0,35.0
ind2_profile::0|1|0|1|2|0,ind1_profile::0|3|0|0|1|0,430.0,215,8540.0,215.0
ind2_profile::0|2|1|0|1|0,ind1_profile::0|1|0|1|0|0,780.0,195,13040.0,585.0
ind2_profile::0|2|1|0|1|0,ind1_profile::0|1|0|1|2|0,114.0,19,620.0,95.0
ind2_profile::0|2|1|0|1|0,ind1_profile::0|1|0|0|0|0,132.0,22,540.0,110.0
ind2_profile::0|2|1|0|1|0,ind1_profile::0|2|0|0|1|0,1418.0,319,17280.0,1099.0
ind2_profile::0|1|0|0|1|0,ind1_profile::0|1|0|1|0|2,53.0,53,1720.0,53.0
ind2_profile::0|1|0|0|1|0,ind1_profile::0|2|0|0|1|0,64.0,16,900.0,48.0
ind2_profile::0|1|0|0|1|0,ind1_profile::0|2|1|0|3|2,1326.0,221,10240.0,1105.0
ind2_profile::0|2|1|0|3|2,ind1_profile::0|2|0|1|2|2,438.0,73,3660.0,365.0
ind1_profile::0|2|0|0|1|0,ind2_profile::0|4|0|0|0|0,988.0,494,20140.0,0.0
ind1_profile::0|2|0|0|1|0,ind2_profile::0|1|0|1|0|0,1592.0,398,23140.0,1194.0
ind1_profile::0|2|0|0|1|0,ind2_profile::0|2|1|1|2|2,492.0,246,9640.0,492.0
ind1_profile::0|2|0|0|1|0,ind2_profile::0|5|0|1|1|0,120.0,30,960.0,0.0
ind2_profile::0|4|0|0|0|0,ind1_profile::0|0|0|0|2|0,156.0,39,1340.0,78.0
ind2_profile::0|1|0|1|0|0,ind1_profile::0|0|0|0|2|0,1728.0,432,17520.0,1296.0
ind2_profile::0|1|0|1|0|0,ind1_profile::0|2|1|0|1|0,780.0,195,13040.0,585.0
ind2_profile::0|1|0|1|0|0,ind1_profile::0|5|1|0|2|0,388.0,97,4020.0,291.0
ind1_profile::0|1|0|1|0|0,ind2_profile::0|5|1|0|2|0,388.0,97,4020.0,291.0
ind1_profile::0|1|0|1|0|0,ind2_profile::0|0|0|0|2|0,1728.0,432,17520.0,1296.0
ind2_profile::0|1|1|0|2|2,ind1_profile::0|1|0|0|0|0,549.0,183,5940.0,549.0
ind1_profile::0|2|0|0|1|2,ind2_profile::0|2|1|1|1|0,99.0,33,1080.0,99.0
ind1_profile::0|2|0|0|1|2,ind2_profile::0|0|1|0|0|2,12.0,4,280.0,12.0
ind1_profile::0|2|0|0|1|2,ind2_profile::0|1|0|0|1|2,156.0,52,1660.0,156.0
ind2_profile::0|2|1|1|1|0,ind1_profile::0|0|1|0|0|2,3.0,1,20.0,3.0
ind2_profile::0|2|1|1|1|0,ind1_profile::0|1|0|0|1|2,33.0,11,240.0,33.0
ind2_profile::0|0|1|0|0|2,ind1_profile::0|2|1|1|1|0,3.0,1,20.0,3.0
ind2_profile::0|0|1|0|0|2,ind1_profile::0|1|0|0|1|2,9.0,3,360.0,9.0
ind2_profile::0|1|0|0|1|2,ind1_profile::0|2|1|1|1|0,33.0,11,240.0,33.0
ind2_profile::0|1|0|0|1|2,ind1_profile::0|0|1|0|0|2,9.0,3,360.0,9.0
ind1_profile::0|2|1|0|3|2,ind2_profile::0|2|0|1|2|2,438.0,73,3660.0,365.0
ind2_profile::0|2|1|0|0|0,ind1_profile::0|1|0|0|3|0,72.0,24,800.0,72.0
ind2_profile::0|1|0|0|3|0,ind1_profile::0|2|1|0|0|0,72.0,24,800.0,72.0
ind1_profile::0|2|1|1|1|0,ind2_profile::0|2|0|0|1|2,99.0,33,1080.0,99.0
ind1_profile::0|2|0|0|2|0,ind2_profile::0|5|1|1|0|2,560.0,140,4540.0,0.0
ind1_profile::0|0|1|0|0|2,ind2_profile::0|2|0|0|1|2,12.0,4,280.0,12.0
ind1_profile::0|1|0|1|2|0,ind2_profile::0|3|0|0|1|0,430.0,215,8540.0,215.0
ind1_profile::0|0|0|0|2|0,ind2_profile::0|5|1|0|2|0,672.0,168,6400.0,504.0
ind2_profile::0|1|1|0|0|2,ind1_profile::0|2|0|0|3|0,24.0,4,100.0,16.0
ind1_profile::0|4|0|0|0|0,ind2_profile::0|0|0|0|2|0,156.0,39,1340.0,78.0
ind2_profile::0|0|0|0|2|0,ind1_profile::0|5|1|0|2|0,672.0,168,6400.0,504.0
ind2_profile::0|2|1|0|2|0,ind1_profile::0|5|1|0|0|0,22.0,11,380.0,11.0
ind1_profile::1|5|0|1|1|0,ind2_profile::1|2|0|0|1|0,285.0,285,10680.0,0.0
ind1_profile::1|5|0|1|1|0,ind2_profile::1|4|1|0|0|0,1809.0,603,22420.0,1206.0
ind1_profile::1|5|0|1|1|0,ind2_profile::1|4|0|0|0|0,1371.0,457,16080.0,914.0
ind1_profile::1|5|0|1|1|0,ind2_profile::1|2|1|0|1|0,136.0,68,3260.0,136.0
ind1_profile::1|5|0|1|1|0,ind2_profile::1|2|0|0|0|0,92.0,46,2560.0,92.0
ind1_profile::1|5|0|1|1|0,ind2_profile::1|1|0|0|2|0,100.0,50,1260.0,0.0
ind1_profile::1|5|0|1|1|0,ind2_profile::1|2|1|0|3|2,65.0,17,420.0,20.0
ind1_profile::1|5|0|1|1|0,ind2_profile::1|1|0|0|1|0,186.0,62,2000.0,124.0
ind1_profile::1|5|0|1|1|0,ind2_profile::1|3|1|0|0|0,118.0,59,2100.0,0.0
ind1_profile::1|5|0|1|1|0,ind2_profile::1|2|0|0|2|0,268.0,77,2260.0,117.0
ind2_profile::1|2|0|0|1|0,ind1_profile::1|2|0|0|1|0,772.0,366,14400.0,748.0
ind2_profile::1|2|0|0|1|0,ind1_profile::1|2|0|1|2|0,75.0,15,420.0,30.0
ind2_profile::1|2|0|0|1|0,ind1_profile::1|3|1|0|2|0,4553.0,1248,51060.0,1594.0
ind2_profile::1|2|0|0|1|0,ind1_profile::1|5|0|0|1|0,664.0,159,4700.0,318.0
ind2_profile::1|2|0|0|1|0,ind1_profile::1|2|0|0|0|0,2142.0,306,12020.0,1224.0
ind2_profile::1|2|0|0|1|0,ind1_profile::1|2|0|0|2|2,854.0,122,4540.0,488.0
ind2_profile::1|2|0|0|1|0,ind1_profile::1|0|0|0|2|0,421.0,65,2040.0,226.0
ind2_profile::1|2|0|0|1|0,ind1_profile::1|0|0|0|3|0,228.0,57,2960.0,171.0
ind2_profile::1|2|0|0|1|0,ind1_profile::1|5|1|0|0|0,45.0,9,180.0,18.0
ind2_profile::1|2|0|0|1|0,ind1_profile::1|1|0|1|1|0,84.0,28,940.0,0.0
ind2_profile::1|2|0|0|1|0,ind1_profile::1|1|1|1|0|2,450.0,150,6260.0,0.0
ind2_profile::1|2|0|0|1|0,ind1_profile::1|2|1|0|2|2,624.0,208,6040.0,0.0
ind2_profile::1|2|0|0|1|0,ind1_profile::1|2|1|1|1|0,476.0,68,3360.0,408.0
ind2_profile::1|2|0|0|1|0,ind1_profile::1|3|1|0|0|0,1309.0,187,7340.0,1122.0
ind2_profile::1|2|0|0|1|0,ind1_profile::1|3|1|0|1|0,413.0,59,1920.0,354.0
ind2_profile::1|2|0|0|1|0,ind1_profile::1|1|1|0|2|0,74.0,15,440.0,32.0
ind2_profile::1|2|0|0|1|0,ind1_profile::1|5|1|1|0|0,320.0,80,3660.0,320.0
ind2_profile::1|2|0|0|1|0,ind1_profile::1|2|1|1|0|0,1365.0,195,7580.0,780.0
ind2_profile::1|2|0|0|1|0,ind1_profile::1|0|0|0|0|0,77.0,11,360.0,44.0
ind2_profile::1|2|0|0|1|0,ind1_profile::1|2|1|1|2|0,3849.0,1315,58960.0,2633.0
ind2_profile::1|2|0|0|1|0,ind1_profile::1|1|1|0|1|0,916.0,229,10120.0,458.0
ind2_profile::1|2|0|0|1|0,ind1_profile::1|5|1|0|2|2,52.0,26,1100.0,0.0
ind2_profile::1|2|0|0|1|0,ind1_profile::1|1|0|0|1|0,325.0,142,5720.0,325.0
ind2_profile::1|2|0|0|1|0,ind1_profile::1|5|1|0|0|2,244.0,61,2900.0,183.0
ind2_profile::1|2|0|0|1|0,ind1_profile::1|2|0|1|0|0,264.0,66,2140.0,198.0
ind2_profile::1|2|0|0|1|0,ind1_profile::1|3|0|0|0|0,204.0,68,2340.0,204.0
ind2_profile::1|2|0|0|1|0,ind1_profile::1|0|1|0|0|0,81.0,27,1380.0,81.0
ind2_profile::1|2|0|0|1|0,ind1_profile::1|2|1|0|3|2,504.0,168,12640.0,504.0
ind2_profile::1|2|0|0|1|0,ind1_profile::1|1|0|1|2|0,129.0,43,3160.0,129.0
ind2_profile::1|2|0|0|1|0,ind1_profile::1|2|0|1|1|0,129.0,43,1340.0,129.0
ind2_profile::1|2|0|0|1|0,ind1_profile::1|3|0|0|2|0,216.0,72,2580.0,216.0
ind2_profile::1|2|0|0|1|0,ind1_profile::1|2|1|0|0|2,4101.0,1367,65360.0,0.0
ind2_profile::1|2|0|0|1|0,ind1_profile::1|5|1|1|1|0,150.0,75,2500.0,150.0
ind1_profile::1|2|0|0|1|0,ind2_profile::1|2|0|0|0|0,2142.0,306,12020.0,1224.0
ind1_profile::1|2|0|0|1|0,ind2_profile::1|2|0|0|2|2,854.0,122,4540.0,488.0
ind1_profile::1|2|0|0|1|0,ind2_profile::1|0|0|0|2|0,421.0,65,2040.0,226.0
ind1_profile::1|2|0|0|1|0,ind2_profile::1|2|1|1|0|0,1365.0,195,7580.0,780.0
ind1_profile::1|2|0|0|1|0,ind2_profile::1|0|0|0|0|0,77.0,11,360.0,44.0
ind1_profile::1|2|0|0|1|0,ind2_profile::1|2|1|1|2|0,3849.0,1315,58960.0,2633.0
ind1_profile::1|2|0|0|1|0,ind2_profile::1|1|1|0|1|0,916.0,229,10120.0,458.0
ind1_profile::1|2|0|0|1|0,ind2_profile::1|5|0|0|1|0,664.0,159,4700.0,318.0
ind1_profile::1|2|0|0|1|0,ind2_profile::1|5|1|0|2|2,52.0,26,1100.0,0.0
ind1_profile::1|2|0|0|1|0,ind2_profile::1|1|0|0|1|0,325.0,142,5720.0,325.0
ind1_profile::1|2|0|0|1|0,ind2_profile::1|5|1|0|0|2,244.0,61,2900.0,183.0
ind1_profile::1|2|0|0|1|0,ind2_profile::1|2|0|1|0|0,264.0,66,2140.0,198.0
ind1_profile::1|2|0|0|1|0,ind2_profile::1|1|1|0|2|0,74.0,15,440.0,32.0
ind1_profile::1|2|0|0|1|0,ind2_profile::1|3|0|0|0|0,204.0,68,2340.0,204.0
ind1_profile::1|2|0|0|1|0,ind2_profile::1|0|1|0|0|0,81.0,27,1380.0,81.0
ind1_profile::1|2|0|0|1|0,ind2_profile::1|2|1|0|3|2,504.0,168,12640.0,504.0
ind1_profile::1|2|0|0|1|0,ind2_profile::1|1|0|1|2|0,129.0,43,3160.0,129.0
ind1_profile::1|2|0|0|1|0,ind2_profile::1|2|0|1|1|0,129.0,43,1340.0,129.0
ind1_profile::1|2|0|0|1|0,ind2_profile::1|3|0|0|2|0,216.0,72,2580.0,216.0
ind1_profile::1|2|0|0|1|0,ind2_profile::1|2|1|0|0|2,4101.0,1367,65360.0,0.0
ind1_profile::1|2|0|0|1|0,ind2_profile::1|5|1|1|1|0,150.0,75,2500.0,150.0
ind1_profile::1|2|0|0|1|0,ind2_profile::1|5|0|1|1|0,285.0,285,10680.0,0.0
ind1_profile::1|2|0|0|1|0,ind2_profile::1|2|0|1|2|0,75.0,15,420.0,30.0
ind1_profile::1|2|0|0|1|0,ind2_profile::1|3|1|0|2|0,4553.0,1248,51060.0,1594.0
ind1_profile::1|2|0|0|1|0,ind2_profile::1|0|0|0|3|0,228.0,57,2960.0,171.0
ind1_profile::1|2|0|0|1|0,ind2_profile::1|5|1|0|0|0,45.0,9,180.0,18.0
ind1_profile::1|2|0|0|1|0,ind2_profile::1|1|0|1|1|0,84.0,28,940.0,0.0
ind1_profile::1|2|0|0|1|0,ind2_profile::1|1|1|1|0|2,450.0,150,6260.0,0.0
ind1_profile::1|2|0|0|1|0,ind2_profile::1|2|1|0|2|2,624.0,208,6040.0,0.0
ind1_profile::1|2|0|0|1|0,ind2_profile::1|2|1|1|1|0,476.0,68,3360.0,408.0
ind1_profile::1|2|0|0|1|0,ind2_profile::1|3|1|0|0|0,1309.0,187,7340.0,1122.0
ind1_profile::1|2|0|0|1|0,ind2_profile::1|3|1|0|1|0,413.0,59,1920.0,354.0
ind1_profile::1|2|0|0|1|0,ind2_profile::1|5|1|1|0|0,320.0,80,3660.0,320.0
ind2_profile::1|2|0|0|0|0,ind1_profile::1|2|0|0|0|0,714.0,102,4560.0,408.0
ind2_profile::1|2|0|0|0|0,ind1_profile::1|2|0|0|2|2,3885.0,555,26980.0,2220.0
ind2_profile::1|2|0|0|0|0,ind1_profile::1|0|0|0|2|0,161.0,23,1140.0,92.0
ind2_profile::1|2|0|0|0|0,ind1_profile::1|2|1|1|0|0,1050.0,150,5920.0,600.0
ind2_profile::1|2|0|0|0|0,ind1_profile::1|2|1|0|1|0,36.0,18,880.0,36.0
ind2_profile::1|2|0|0|0|0,ind1_profile::1|0|0|0|0|0,77.0,11,260.0,44.0
ind2_profile::1|2|0|0|0|0,ind1_profile::1|1|1|0|0|2,78.0,26,820.0,52.0
ind2_profile::1|2|0|0|0|0,ind1_profile::1|1|0|0|0|0,498.0,166,5140.0,332.0
ind2_profile::1|2|0|0|0|0,ind1_profile::1|2|0|1|0|0,9.0,3,60.0,6.0
ind2_profile::1|2|0|0|2|2,ind1_profile::1|2|0|0|0|0,3885.0,555,26980.0,2220.0
ind2_profile::1|2|0|0|2|2,ind1_profile::1|0|0|0|2|0,140.0,20,560.0,80.0
ind2_profile::1|2|0|0|2|2,ind1_profile::1|2|1|1|0|0,609.0,87,2880.0,348.0
ind2_profile::1|2|0|0|2|2,ind1_profile::1|0|0|0|0|0,35.0,5,200.0,20.0
ind2_profile::1|0|0|0|2|0,ind1_profile::1|2|0|1|2|0,380.0,76,2640.0,152.0
ind2_profile::1|0|0|0|2|0,ind1_profile::1|5|0|0|1|0,270.0,54,1880.0,108.0
ind2_profile::1|0|0|0|2|0,ind1_profile::1|2|0|0|0|0,161.0,23,1140.0,92.0
ind2_profile::1|0|0|0|2|0,ind1_profile::1|2|0|0|2|2,140.0,20,560.0,80.0
ind2_profile::1|0|0|0|2|0,ind1_profile::1|3|1|0|0|0,284.0,71,3760.0,213.0
ind2_profile::1|0|0|0|2|0,ind1_profile::1|2|0|1|1|0,587.0,197,8180.0,336.0
ind2_profile::1|0|0|0|2|0,ind1_profile::1|1|0|0|1|0,468.0,117,7800.0,351.0
ind2_profile::1|0|0|0|2|0,ind1_profile::1|2|1|0|2|2,90.0,45,1400.0,90.0
ind2_profile::1|0|0|0|2|0,ind1_profile::1|2|1|0|3|0,471.0,157,4960.0,157.0
ind2_profile::1|0|0|0|2|0,ind1_profile::1|5|1|0|0|0,65.0,13,300.0,26.0
ind2_profile::1|0|0|0|2|0,ind1_profile::1|1|1|0|2|0,880.0,176,6700.0,352.0
ind2_profile::1|0|0|0|2|0,ind1_profile::1|2|1|1|0|0,357.0,51,1640.0,204.0
ind2_profile::1|0|0|0|2|0,ind1_profile::1|0|0|0|0|0,182.0,26,840.0,104.0
ind2_profile::1|2|1|1|0|0,ind1_profile::1|2|0|0|0|0,1050.0,150,5920.0,600.0
ind2_profile::1|2|1|1|0|0,ind1_profile::1|2|0|0|2|2,609.0,87,2880.0,348.0
ind2_profile::1|2|1|1|0|0,ind1_profile::1|0|0|0|2|0,357.0,51,1640.0,204.0
ind2_profile::1|2|1|1|0|0,ind1_profile::1|0|0|0|0|0,126.0,18,560.0,72.0
ind2_profile::1|0|0|0|0|0,ind1_profile::1|2|0|0|0|0,77.0,11,260.0,44.0
ind2_profile::1|0|0|0|0|0,ind1_profile::1|2|0|0|2|2,35.0,5,200.0,20.0
ind2_profile::1|0|0|0|0|0,ind1_profile::1|0|0|0|2|0,182.0,26,840.0,104.0
ind2_profile::1|0|0|0|0|0,ind1_profile::1|1|0|0|2|0,2149.0,296,13900.0,588.0
ind2_profile::1|0|0|0|0|0,ind1_profile::1|2|1|1|0|0,126.0,18,560.0,72.0
ind2_profile::1|0|0|0|0|0,ind1_profile::1|0|1|0|0|0,656.0,82,3140.0,82.0
ind2_profile::1|0|0|0|0|0,ind1_profile::1|1|0|1|1|0,1344.0,168,6960.0,168.0
ind2_profile::1|0|0|0|0|0,ind1_profile::1|3|0|0|1|0,1595.0,319,10480.0,1595.0
ind2_profile::1|0|0|0|0|0,ind1_profile::1|5|0|0|0|0,200.0,40,1880.0,200.0
ind2_profile::1|0|0|0|0|0,ind1_profile::1|2|0|1|1|0,536.0,150,4700.0,429.0
ind2_profile::1|0|0|0|0|0,ind1_profile::1|1|0|0|1|0,846.0,282,10080.0,564.0
ind2_profile::1|0|0|0|0|0,ind1_profile::1|3|1|0|0|0,736.0,92,2860.0,92.0
ind2_profile::1|0|0|0|0|0,ind1_profile::1|5|0|0|1|0,33.0,11,380.0,33.0
ind2_profile::1|0|0|0|0|0,ind1_profile::1|5|1|1|0|0,435.0,145,5580.0,435.0
ind2_profile::1|0|0|0|0|0,ind1_profile::1|3|0|0|0|0,1257.0,419,18340.0,1257.0
ind1_profile::1|1|1|0|1|0,ind2_profile::1|2|0|1|1|0,252.0,126,4740.0,126.0
ind1_profile::1|1|1|0|1|0,ind2_profile::1|3|1|0|2|0,3546.0,1028,44860.0,1773.0
ind1_profile::1|1|1|0|1|0,ind2_profile::1|5|0|0|1|0,444.0,111,3120.0,222.0
ind1_profile::1|1|1|0|1|0,ind2_profile::1|2|1|1|2|0,580.0,145,5500.0,290.0
ind2_profile::1|2|0|1|1|0,ind1_profile::1|0|0|0|0|0,536.0,150,4700.0,429.0
ind2_profile::1|2|0|1|1|0,ind1_profile::1|1|0|0|1|0,841.0,227,12400.0,616.0
ind2_profile::1|2|0|1|1|0,ind1_profile::1|3|1|0|0|0,636.0,159,7360.0,477.0
ind2_profile::1|2|0|1|1|0,ind1_profile::1|2|1|0|3|0,180.0,60,1980.0,60.0
ind2_profile::1|2|0|1|1|0,ind1_profile::1|3|0|0|1|0,1715.0,343,13640.0,1715.0
ind2_profile::1|2|0|1|1|0,ind1_profile::1|3|0|0|0|0,27.0,9,240.0,18.0
ind2_profile::1|2|0|1|1|0,ind1_profile::1|5|0|0|0|0,425.0,85,2980.0,425.0
ind2_profile::1|2|0|1|1|0,ind1_profile::1|5|0|0|1|0,180.0,30,980.0,180.0
ind2_profile::1|2|0|1|1|0,ind1_profile::1|1|0|0|2|0,1051.0,231,9580.0,999.0
ind2_profile::1|2|0|1|1|0,ind1_profile::1|0|0|0|1|0,32.0,16,420.0,16.0
ind2_profile::1|2|0|1|1|0,ind1_profile::1|0|1|0|0|0,96.0,48,1920.0,64.0
ind2_profile::1|2|0|1|1|0,ind1_profile::1|3|1|0|1|0,2.0,1,40.0,1.0
ind2_profile::1|2|0|1|1|0,ind1_profile::1|3|1|0|2|0,460.0,230,8980.0,230.0
ind2_profile::1|2|0|1|1|0,ind1_profile::1|2|1|0|2|2,264.0,132,5180.0,264.0
ind2_profile::1|2|0|1|1|0,ind1_profile::1|0|0|0|2|0,587.0,197,8180.0,336.0
ind2_profile::1|2|0|1|1|0,ind1_profile::1|1|0|0|0|0,666.0,111,5220.0,666.0
ind2_profile::1|2|0|1|1|0,ind1_profile::1|2|0|0|2|0,90.0,15,580.0,90.0
ind2_profile::1|2|0|1|1|0,ind1_profile::1|3|0|0|2|0,480.0,160,6560.0,480.0
ind2_profile::1|2|0|1|1|0,ind1_profile::1|2|1|0|0|2,108.0,27,760.0,108.0
ind2_profile::1|3|1|0|2|0,ind1_profile::1|2|0|1|1|0,460.0,230,8980.0,230.0
ind2_profile::1|3|1|0|2|0,ind1_profile::1|1|0|1|1|0,660.0,220,12100.0,0.0
ind2_profile::1|3|1|0|2|0,ind1_profile::1|2|1|1|2|0,2176.0,544,30140.0,1088.0
ind2_profile::1|3|1|0|2|0,ind1_profile::1|5|0|0|1|0,444.0,111,3980.0,222.0
ind2_profile::1|3|1|0|2|0,ind1_profile::1|2|1|0|2|2,2139.0,713,28040.0,0.0
ind2_profile::1|3|1|0|2|0,ind1_profile::1|2|1|1|1|0,35.0,5,140.0,30.0
ind2_profile::1|3|1|0|2|0,ind1_profile::1|3|1|0|0|0,1995.0,285,15140.0,1710.0
ind2_profile::1|3|1|0|2|0,ind1_profile::1|3|1|0|1|0,770.0,110,5920.0,660.0
ind1_profile::1|2|0|1|2|0,ind2_profile::1|5|0|0|1|0,65.0,13,380.0,26.0
ind1_profile::1|2|0|1|2|0,ind2_profile::1|5|1|0|0|0,125.0,25,600.0,50.0
ind1_profile::1|2|0|1|2|0,ind2_profile::1|1|1|0|2|0,610.0,122,3860.0,244.0
ind1_profile::1|2|0|1|2|0,ind2_profile::1|1|1|0|3|2,1760.0,352,13240.0,704.0
ind1_profile::1|2|0|1|2|0,ind2_profile::1|2|0|0|3|2,345.0,69,3000.0,138.0
ind1_profile::1|2|0|1|2|0,ind2_profile::1|3|1|0|1|0,180.0,36,2100.0,72.0
ind1_profile::1|2|0|1|2|0,ind2_profile::1|1|0|0|0|2,770.0,154,5960.0,308.0
ind1_profile::1|2|0|1|2|0,ind2_profile::1|4|1|0|0|0,125.0,125,4240.0,0.0
ind2_profile::1|5|0|0|1|0,ind1_profile::1|3|1|0|2|0,444.0,111,3980.0,222.0
ind2_profile::1|5|0|0|1|0,ind1_profile::1|2|1|1|2|0,36.0,9,260.0,18.0
ind2_profile::1|5|0|0|1|0,ind1_profile::1|0|0|0|0|0,33.0,11,380.0,33.0
ind2_profile::1|5|0|0|1|0,ind1_profile::1|0|0|0|2|0,270.0,54,1880.0,108.0
ind2_profile::1|5|0|0|1|0,ind1_profile::1|5|1|0|0|0,170.0,34,1460.0,68.0
ind2_profile::1|5|0|0|1|0,ind1_profile::1|1|1|0|2|0,770.0,154,4480.0,308.0
ind2_profile::1|5|0|0|1|0,ind1_profile::1|5|1|1|0|0,18.0,6,160.0,18.0
ind2_profile::1|5|0|0|1|0,ind1_profile::1|3|0|0|0|0,12.0,4,140.0,12.0
ind2_profile::1|5|0|0|1|0,ind1_profile::1|2|0|1|1|0,180.0,30,980.0,180.0
ind2_profile::1|5|0|0|1|0,ind1_profile::1|1|0|0|0|0,156.0,26,1320.0,156.0
ind2_profile::1|5|0|0|1|0,ind1_profile::1|2|0|0|2|0,216.0,36,1540.0,216.0
ind2_profile::1|5|1|0|0|0,ind1_profile::1|5|0|0|1|0,170.0,34,1460.0,68.0
ind2_profile::1|5|1|0|0|0,ind1_profile::1|0|0|0|2|0,65.0,13,300.0,26.0
ind2_profile::1|5|1|0|0|0,ind1_profile::1|0|1|0|2|0,392.0,56,2100.0,336.0
ind2_profile::1|5|1|0|0|0,ind1_profile::1|5|0|1|0|0,441.0,63,1860.0,378.0
ind2_profile::1|5|1|0|0|0,ind1_profile::1|3|1|0|0|0,126.0,18,600.0,108.0
ind2_profile::1|5|1|0|0|0,ind1_profile::1|1|1|0|2|0,330.0,66,2280.0,132.0
ind2_profile::1|5|1|0|0|0,ind1_profile::1|3|0|0|0|0,42.0,6,140.0,36.0
ind2_profile::1|1|1|0|2|0,ind1_profile::1|5|0|0|1|0,770.0,154,4480.0,308.0
ind2_profile::1|1|1|0|2|0,ind1_profile::1|0|0|0|2|0,880.0,176,6700.0,352.0
ind2_profile::1|1|1|0|2|0,ind1_profile::1|5|1|0|0|0,330.0,66,2280.0,132.0
ind2_profile::1|1|1|0|2|0,ind1_profile::1|1|0|0|1|0,8.0,2,40.0,8.0
ind1_profile::1|3|1|0|2|0,ind2_profile::1|2|1|1|2|0,2176.0,544,30140.0,1088.0
ind1_profile::1|3|1|0|2|0,ind2_profile::1|1|1|0|1|0,3546.0,1028,44860.0,1773.0
ind1_profile::1|3|1|0|2|0,ind2_profile::1|2|1|0|2|2,2139.0,713,28040.0,0.0
ind1_profile::1|3|1|0|2|0,ind2_profile::1|2|1|1|1|0,35.0,5,140.0,30.0
ind1_profile::1|3|1|0|2|0,ind2_profile::1|3|1|0|0|0,1995.0,285,15140.0,1710.0
ind1_profile::1|3|1|0|2|0,ind2_profile::1|3|1|0|1|0,770.0,110,5920.0,660.0
ind1_profile::1|3|1|0|2|0,ind2_profile::1|1|0|1|1|0,660.0,220,12100.0,0.0
ind2_profile::1|2|1|1|2|0,ind1_profile::1|3|0|0|0|0,27.0,9,220.0,27.0
ind2_profile::1|2|1|1|2|0,ind1_profile::1|1|0|0|1|0,133.0,63,2920.0,133.0
ind2_profile::1|2|1|1|2|0,ind1_profile::1|1|0|0|2|0,3.0,3,60.0,0.0
ind2_profile::1|2|1|1|2|0,ind1_profile::1|5|0|0|1|0,36.0,9,260.0,18.0
ind2_profile::1|2|1|1|2|0,ind1_profile::1|5|1|0|2|2,382.0,191,7320.0,0.0
ind2_profile::1|1|1|0|1|0,ind1_profile::1|2|1|1|2|0,580.0,145,5500.0,290.0
ind2_profile::1|1|1|0|1|0,ind1_profile::1|2|0|1|1|0,252.0,126,4740.0,126.0
ind2_profile::1|1|1|0|1|0,ind1_profile::1|5|0|0|1|0,444.0,111,3120.0,222.0
ind1_profile::1|5|0|0|1|0,ind2_profile::1|5|1|1|0|0,18.0,6,160.0,18.0
ind1_profile::1|5|0|0|1|0,ind2_profile::1|3|0|0|0|0,12.0,4,140.0,12.0
ind1_profile::1|5|0|0|1|0,ind2_profile::1|1|0|0|0|0,156.0,26,1320.0,156.0
ind1_profile::1|5|0|0|1|0,ind2_profile::1|2|0|0|2|0,216.0,36,1540.0,216.0
ind1_profile::1|5|0|0|1|0,ind2_profile::1|2|0|1|2|0,65.0,13,380.0,26.0
ind1_profile::1|1|1|1|1|0,ind2_profile::1|1|0|0|1|0,34.0,17,720.0,0.0
ind2_profile::1|1|0|0|1|0,ind1_profile::1|0|0|0|0|0,846.0,282,10080.0,564.0
ind2_profile::1|1|0|0|1|0,ind1_profile::1|3|1|0|0|0,584.0,146,8500.0,438.0
ind2_profile::1|1|0|0|1|0,ind1_profile::1|2|1|1|2|0,133.0,63,2920.0,133.0
ind2_profile::1|1|0|0|1|0,ind1_profile::1|3|0|0|0|0,561.0,187,6060.0,561.0
ind2_profile::1|1|0|0|1|0,ind1_profile::1|2|0|1|1|0,841.0,227,12400.0,616.0
ind2_profile::1|1|0|0|1|0,ind1_profile::1|3|0|0|2|0,12.0,4,180.0,12.0
ind2_profile::1|1|0|0|1|0,ind1_profile::1|1|1|0|2|0,8.0,2,40.0,8.0
ind2_profile::1|1|0|0|1|0,ind1_profile::1|4|1|0|0|0,231.0,77,2940.0,154.0
ind2_profile::1|1|0|0|1|0,ind1_profile::1|4|0|0|0|0,219.0,73,2320.0,146.0
ind2_profile::1|1|0|0|1|0,ind1_profile::1|2|1|0|0|2,15.0,5,120.0,10.0
ind2_profile::1|1|0|0|1|0,ind1_profile::1|0|1|0|0|0,78.0,26,900.0,78.0
ind2_profile::1|1|0|0|1|0,ind1_profile::1|2|1|1|0|2,126.0,42,1400.0,126.0
ind2_profile::1|1|0|0|1|0,ind1_profile::1|0|0|0|2|0,468.0,117,7800.0,351.0
ind1_profile::1|2|0|0|0|0,ind2_profile::1|1|1|0|0|2,78.0,26,820.0,52.0
ind1_profile::1|2|0|0|0|0,ind2_profile::1|1|0|0|0|0,498.0,166,5140.0,332.0
ind1_profile::1|2|0|0|0|0,ind2_profile::1|2|0|1|0|0,9.0,3,60.0,6.0
ind1_profile::1|2|0|0|0|0,ind2_profile::1|5|0|1|1|0,92.0,46,2560.0,92.0
ind1_profile::1|2|0|0|0|0,ind2_profile::1|2|1|0|1|0,36.0,18,880.0,36.0
ind1_profile::1|1|1|0|0|2,ind2_profile::1|1|0|1|0|0,284.0,142,6260.0,142.0
ind1_profile::1|1|1|0|0|2,ind2_profile::1|3|0|0|0|0,260.0,130,5260.0,130.0
ind1_profile::1|1|1|0|0|2,ind2_profile::1|1|0|0|2|0,8.0,1,20.0,1.0
ind1_profile::1|1|1|0|0|2,ind2_profile::1|0|1|0|0|0,120.0,15,660.0,15.0
ind1_profile::1|1|1|0|0|2,ind2_profile::1|1|0|1|1|0,64.0,8,260.0,8.0
ind1_profile::1|1|1|0|0|2,ind2_profile::1|3|1|0|0|0,176.0,22,520.0,22.0
ind1_profile::1|1|1|0|0|2,ind2_profile::1|1|0|0|0|0,24.0,8,360.0,16.0
ind1_profile::1|1|1|0|0|2,ind2_profile::1|2|0|1|0|0,42.0,14,700.0,28.0
ind2_profile::1|1|0|1|0|0,ind1_profile::1|1|1|0|0|0,84.0,42,1280.0,0.0
ind2_profile::1|1|0|1|0|0,ind1_profile::1|1|0|0|0|0,100.0,25,820.0,75.0
ind2_profile::1|1|0|1|0|0,ind1_profile::1|2|0|0|2|0,168.0,42,1580.0,126.0
ind2_profile::1|1|0|1|0|0,ind1_profile::1|3|0|0|0|0,888.0,444,17920.0,444.0
ind2_profile::1|3|0|0|0|0,ind1_profile::1|1|0|1|0|0,888.0,444,17920.0,444.0
ind2_profile::1|3|0|0|0|0,ind1_profile::1|3|0|0|0|0,7482.0,1866,89520.0,3756.0
ind2_profile::1|3|0|0|0|0,ind1_profile::1|1|0|0|2|0,2369.0,637,23380.0,1274.0
ind2_profile::1|3|0|0|0|0,ind1_profile::1|2|0|1|3|0,2340.0,585,21180.0,1170.0
ind2_profile::1|3|0|0|0|0,ind1_profile::1|0|0|0|0|0,1257.0,419,18340.0,1257.0
ind2_profile::1|3|0|0|0|0,ind1_profile::1|5|1|1|0|0,114.0,38,980.0,114.0
ind2_profile::1|3|0|0|0|0,ind1_profile::1|0|1|0|2|0,91.0,13,440.0,78.0
ind2_profile::1|3|0|0|0|0,ind1_profile::1|3|1|0|0|0,168.0,24,820.0,144.0
ind2_profile::1|3|0|0|0|0,ind1_profile::1|5|1|0|0|0,42.0,6,140.0,36.0
ind2_profile::1|3|0|0|0|0,ind1_profile::1|1|0|0|0|0,336.0,84,5200.0,168.0
ind2_profile::1|3|0|0|0|0,ind1_profile::1|1|0|0|1|0,561.0,187,6060.0,561.0
ind2_profile::1|3|0|0|0|0,ind1_profile::1|2|1|1|2|0,27.0,9,220.0,27.0
ind2_profile::1|3|0|0|0|0,ind1_profile::1|2|0|1|1|0,27.0,9,240.0,18.0
ind2_profile::1|3|0|0|0|0,ind1_profile::1|4|1|0|3|0,1899.0,633,23860.0,1266.0
ind2_profile::1|3|0|0|0|0,ind1_profile::1|5|0|1|0|0,7.0,1,40.0,6.0
ind1_profile::1|0|0|0|2|0,ind2_profile::1|2|0|1|2|0,380.0,76,2640.0,152.0
ind1_profile::1|0|0|0|2|0,ind2_profile::1|3|1|0|0|0,284.0,71,3760.0,213.0
ind1_profile::1|0|0|0|2|0,ind2_profile::1|2|1|0|2|2,90.0,45,1400.0,90.0
ind1_profile::1|0|0|0|2|0,ind2_profile::1|2|1|0|3|0,471.0,157,4960.0,157.0
ind1_profile::1|2|0|1|1|0,ind2_profile::1|2|1|0|2|2,264.0,132,5180.0,264.0
ind1_profile::1|2|0|1|1|0,ind2_profile::1|1|0|0|2|0,1051.0,231,9580.0,999.0
ind1_profile::1|2|0|1|1|0,ind2_profile::1|1|0|0|0|0,666.0,111,5220.0,666.0
ind1_profile::1|2|0|1|1|0,ind2_profile::1|2|0|0|2|0,90.0,15,580.0,90.0
ind1_profile::1|2|0|1|1|0,ind2_profile::1|0|1|0|0|0,96.0,48,1920.0,64.0
ind1_profile::1|2|0|1|1|0,ind2_profile::1|3|0|0|2|0,480.0,160,6560.0,480.0
ind1_profile::1|2|0|1|1|0,ind2_profile::1|2|1|0|0|2,108.0,27,760.0,108.0
ind1_profile::1|2|0|1|1|0,ind2_profile::1|3|1|0|0|0,636.0,159,7360.0,477.0
ind1_profile::1|2|0|1|1|0,ind2_profile::1|2|1|0|3|0,180.0,60,1980.0,60.0
ind1_profile::1|2|0|1|1|0,ind2_profile::1|3|0|0|1|0,1715.0,343,13640.0,1715.0
ind1_profile::1|2|0|1|1|0,ind2_profile::1|5|0|0|0|0,425.0,85,2980.0,425.0
ind1_profile::1|2|0|1|1|0,ind2_profile::1|0|0|0|1|0,32.0,16,420.0,16.0
ind1_profile::1|2|0|1|1|0,ind2_profile::1|3|1|0|1|0,2.0,1,40.0,1.0
ind1_profile::1|1|0|1|0|0,ind2_profile::1|1|0|0|0|0,100.0,25,820.0,75.0
ind1_profile::1|1|0|1|0|0,ind2_profile::1|2|0|0|2|0,168.0,42,1580.0,126.0
ind1_profile::1|1|0|1|0|0,ind2_profile::1|1|1|0|0|2,284.0,142,6260.0,142.0
ind1_profile::1|1|0|1|0|0,ind2_profile::1|1|1|0|0|0,84.0,42,1280.0,0.0
ind1_profile::1|3|0|0|0|0,ind2_profile::1|1|0|0|2|0,2369.0,637,23380.0,1274.0
ind1_profile::1|3|0|0|0|0,ind2_profile::1|2|0|1|3|0,2340.0,585,21180.0,1170.0
ind1_profile::1|3|0|0|0|0,ind2_profile::1|1|0|0|0|0,336.0,84,5200.0,168.0
ind1_profile::1|3|0|0|0|0,ind2_profile::1|4|1|0|3|0,1899.0,633,23860.0,1266.0
ind1_profile::1|3|0|0|0|0,ind2_profile::1|5|0|1|0|0,7.0,1,40.0,6.0
ind1_profile::1|3|0|0|0|0,ind2_profile::1|3|1|0|0|0,168.0,24,820.0,144.0
ind1_profile::1|3|0|0|0|0,ind2_profile::1|1|1|0|0|2,260.0,130,5260.0,130.0
ind1_profile::1|3|0|0|0|0,ind2_profile::1|5|1|1|0|0,114.0,38,980.0,114.0
ind1_profile::1|3|0|0|0|0,ind2_profile::1|0|1|0|2|0,91.0,13,440.0,78.0
ind2_profile::1|1|0|0|2|0,ind1_profile::1|3|0|0|1|0,1530.0,306,12640.0,1530.0
ind2_profile::1|1|0|0|2|0,ind1_profile::1|5|0|0|0|0,325.0,65,3480.0,325.0
ind2_profile::1|1|0|0|2|0,ind1_profile::1|3|1|0|0|0,3292.0,605,25740.0,347.0
ind2_profile::1|1|0|0|2|0,ind1_profile::1|4|1|0|3|0,483.0,161,5420.0,322.0
ind2_profile::1|1|0|0|2|0,ind1_profile::1|0|1|0|0|0,2080.0,260,11660.0,260.0
ind2_profile::1|1|0|0|2|0,ind1_profile::1|1|0|1|1|0,4560.0,570,30420.0,570.0
ind2_profile::1|1|0|0|2|0,ind1_profile::1|0|0|0|0|0,2149.0,296,13900.0,588.0
ind2_profile::1|1|0|0|2|0,ind1_profile::1|2|0|1|3|0,232.0,58,1420.0,116.0
ind2_profile::1|1|0|0|2|0,ind1_profile::1|1|0|0|0|0,16.0,4,80.0,8.0
ind2_profile::1|1|0|0|2|0,ind1_profile::1|2|1|1|2|0,3.0,3,60.0,0.0
ind2_profile::1|2|0|1|3|0,ind1_profile::1|1|0|0|2|0,232.0,58,1420.0,116.0
ind2_profile::1|2|0|1|3|0,ind1_profile::1|1|0|0|0|0,28.0,7,140.0,14.0
ind2_profile::1|1|0|0|0|0,ind1_profile::1|1|0|0|2|0,16.0,4,80.0,8.0
ind2_profile::1|1|0|0|0|0,ind1_profile::1|2|0|1|3|0,28.0,7,140.0,14.0
ind2_profile::1|1|0|0|0|0,ind1_profile::1|1|0|0|0|0,512.0,128,5400.0,384.0
ind2_profile::1|1|0|0|0|0,ind1_profile::1|0|1|0|0|0,318.0,159,6500.0,318.0
ind2_profile::1|1|0|0|0|0,ind1_profile::1|2|0|0|2|0,1166.0,277,9060.0,918.0
ind2_profile::1|1|0|0|0|0,ind1_profile::1|2|0|1|0|0,430.0,213,7080.0,426.0
ind2_profile::1|1|0|0|0|0,ind1_profile::1|2|1|1|0|2,2626.0,1313,66520.0,0.0
ind2_profile::1|1|0|0|0|0,ind1_profile::1|4|0|0|0|0,886.0,443,18660.0,0.0
ind1_profile::1|1|0|0|1|0,ind2_profile::1|5|0|1|1|0,186.0,62,2000.0,124.0
ind1_profile::1|1|0|0|1|0,ind2_profile::1|4|1|0|0|0,231.0,77,2940.0,154.0
ind1_profile::1|1|0|0|1|0,ind2_profile::1|4|0|0|0|0,219.0,73,2320.0,146.0
ind1_profile::1|1|0|0|1|0,ind2_profile::1|2|1|0|0|2,15.0,5,120.0,10.0
ind1_profile::1|1|0|0|1|0,ind2_profile::1|0|1|0|0|0,78.0,26,900.0,78.0
ind1_profile::1|1|0|0|1|0,ind2_profile::1|2|1|1|0|2,126.0,42,1400.0,126.0
ind1_profile::1|1|0|0|1|0,ind2_profile::1|1|1|1|1|0,34.0,17,720.0,0.0
ind1_profile::1|1|0|0|1|0,ind2_profile::1|3|1|0|0|0,584.0,146,8500.0,438.0
ind1_profile::1|1|0|0|1|0,ind2_profile::1|3|0|0|2|0,12.0,4,180.0,12.0
ind2_profile::1|5|0|1|1|0,ind1_profile::1|3|1|0|0|0,118.0,59,2100.0,0.0
ind2_profile::1|5|0|1|1|0,ind1_profile::1|2|1|0|3|2,65.0,17,420.0,20.0
ind2_profile::1|5|0|1|1|0,ind1_profile::1|2|0|0|2|0,268.0,77,2260.0,117.0
ind2_profile::1|5|0|1|1|0,ind1_profile::1|4|1|0|0|0,1809.0,603,22420.0,1206.0
ind2_profile::1|5|0|1|1|0,ind1_profile::1|4|0|0|0|0,1371.0,457,16080.0,914.0
ind2_profile::1|5|0|1|1|0,ind1_profile::1|2|1|0|1|0,136.0,68,3260.0,136.0
ind2_profile::1|5|0|1|1|0,ind1_profile::1|1|0|0|2|0,100.0,50,1260.0,0.0
ind2_profile::1|4|1|0|0|0,ind1_profile::1|1|0|1|2|0,60.0,20,760.0,20.0
ind2_profile::1|4|1|0|0|0,ind1_profile::1|1|1|0|0|0,12.0,4,120.0,4.0
ind2_profile::1|4|1|0|0|0,ind1_profile::1|4|0|0|0|0,3228.0,1076,35600.0,2152.0
ind2_profile::1|4|0|0|0|0,ind1_profile::1|1|0|0|0|0,886.0,443,18660.0,0.0
ind2_profile::1|4|0|0|0|0,ind1_profile::1|2|1|1|0|2,1760.0,880,43540.0,0.0
ind2_profile::1|4|0|0|0|0,ind1_profile::1|4|1|0|0|0,3228.0,1076,35600.0,2152.0
ind1_profile::1|0|0|0|0|0,ind2_profile::1|3|1|0|0|0,736.0,92,2860.0,92.0
ind1_profile::1|0|0|0|0|0,ind2_profile::1|5|1|1|0|0,435.0,145,5580.0,435.0
ind1_profile::1|0|0|0|0|0,ind2_profile::1|0|1|0|0|0,656.0,82,3140.0,82.0
ind1_profile::1|0|0|0|0|0,ind2_profile::1|1|0|1|1|0,1344.0,168,6960.0,168.0
ind1_profile::1|0|0|0|0|0,ind2_profile::1|3|0|0|1|0,1595.0,319,10480.0,1595.0
ind1_profile::1|0|0|0|0|0,ind2_profile::1|5|0|0|0|0,200.0,40,1880.0,200.0
ind2_profile::1|5|1|0|2|2,ind1_profile::1|2|1|1|2|0,382.0,191,7320.0,0.0
ind2_profile::1|0|1|0|0|0,ind1_profile::1|1|0|0|2|0,2080.0,260,11660.0,260.0
ind2_profile::1|0|1|0|0|0,ind1_profile::1|1|0|0|4|1,368.0,92,4300.0,368.0
ind2_profile::1|0|1|0|0|0,ind1_profile::1|2|1|1|0|2,15.0,5,160.0,15.0
ind2_profile::1|0|1|0|0|0,ind1_profile::1|1|0|1|1|0,2632.0,329,12560.0,329.0
ind2_profile::1|0|1|0|0|0,ind1_profile::1|3|1|0|0|0,3928.0,491,19040.0,491.0
ind2_profile::1|0|1|0|0|0,ind1_profile::1|2|1|0|3|2,57.0,19,1020.0,57.0
ind2_profile::1|0|1|0|0|0,ind1_profile::1|1|0|1|2|0,126.0,42,2480.0,126.0
ind2_profile::1|0|1|0|0|0,ind1_profile::1|2|0|1|0|0,532.0,266,9840.0,532.0
ind2_profile::1|0|1|0|0|0,ind1_profile::1|1|0|0|0|0,318.0,159,6500.0,318.0
ind2_profile::1|0|1|0|0|0,ind1_profile::1|2|1|0|0|2,2852.0,713,28120.0,2852.0
ind2_profile::1|1|0|1|1|0,ind1_profile::1|1|0|0|2|0,4560.0,570,30420.0,570.0
ind2_profile::1|1|0|1|1|0,ind1_profile::1|0|1|0|0|0,2632.0,329,12560.0,329.0
ind2_profile::1|1|0|1|1|0,ind1_profile::1|3|1|0|0|0,3104.0,388,11800.0,388.0
ind2_profile::1|1|0|1|1|0,ind1_profile::1|2|1|0|2|2,414.0,138,4820.0,0.0
ind2_profile::1|3|1|0|0|0,ind1_profile::1|1|0|0|2|0,3292.0,605,25740.0,347.0
ind2_profile::1|3|1|0|0|0,ind1_profile::1|0|1|0|0|0,3928.0,491,19040.0,491.0
ind2_profile::1|3|1|0|0|0,ind1_profile::1|1|0|1|1|0,3104.0,388,11800.0,388.0
ind2_profile::1|3|1|0|0|0,ind1_profile::1|5|1|0|2|0,75.0,15,520.0,60.0
ind2_profile::1|3|1|0|0|0,ind1_profile::1|2|0|0|2|0,135.0,27,860.0,108.0
ind2_profile::1|3|1|0|0|0,ind1_profile::1|5|0|0|2|0,1493.0,366,16200.0,790.0
ind2_profile::1|3|1|0|0|0,ind1_profile::1|2|1|0|0|0,190.0,46,1760.0,104.0
ind2_profile::1|3|1|0|0|0,ind1_profile::1|2|0|1|0|0,155.0,31,1040.0,124.0
ind2_profile::1|3|1|0|0|0,ind1_profile::1|2|1|1|1|0,231.0,33,920.0,198.0
ind2_profile::1|3|1|0|0|0,ind1_profile::1|3|1|0|0|0,1540.0,220,11320.0,1320.0
ind2_profile::1|3|1|0|0|0,ind1_profile::1|3|1|0|1|0,7609.0,1087,52060.0,6522.0
ind2_profile::1|3|1|0|0|0,ind1_profile::1|0|1|0|2|0,28.0,4,240.0,24.0
ind2_profile::1|3|1|0|0|0,ind1_profile::1|5|0|1|0|0,7.0,1,20.0,6.0
ind2_profile::1|3|1|0|0|0,ind1_profile::1|1|1|1|0|0,400.0,100,3980.0,200.0
ind2_profile::1|3|1|0|0|0,ind1_profile::1|1|1|0|3|0,172.0,43,2300.0,86.0
ind2_profile::1|3|1|0|0|0,ind1_profile::1|5|1|0|0|0,126.0,18,600.0,108.0
ind1_profile::1|1|0|0|0|0,ind2_profile::1|2|1|1|0|2,2626.0,1313,66520.0,0.0
ind1_profile::1|1|0|0|0|0,ind2_profile::1|2|0|0|2|0,1166.0,277,9060.0,918.0
ind1_profile::1|1|0|0|0|0,ind2_profile::1|2|0|1|0|0,430.0,213,7080.0,426.0
ind1_profile::1|1|0|0|0|0,ind2_profile::1|1|1|0|0|2,24.0,8,360.0,16.0
ind2_profile::1|2|1|1|0|2,ind1_profile::1|0|1|0|0|0,15.0,5,160.0,15.0
ind2_profile::1|2|1|1|0|2,ind1_profile::1|4|0|0|0|0,1760.0,880,43540.0,0.0
ind1_profile::1|1|0|0|2|0,ind2_profile::1|1|1|0|0|2,8.0,1,20.0,1.0
ind1_profile::1|1|0|0|2|0,ind2_profile::1|3|0|0|1|0,1530.0,306,12640.0,1530.0
ind1_profile::1|1|0|0|2|0,ind2_profile::1|5|0|0|0|0,325.0,65,3480.0,325.0
ind1_profile::1|1|0|0|2|0,ind2_profile::1|4|1|0|3|0,483.0,161,5420.0,322.0
ind2_profile::1|2|1|0|0|2,ind1_profile::1|1|1|1|0|2,1035.0,345,19160.0,0.0
ind2_profile::1|2|1|0|0|2,ind1_profile::1|5|0|1|2|0,56.0,14,360.0,56.0
ind2_profile::1|2|1|0|0|2,ind1_profile::1|3|1|0|3|0,2748.0,687,32440.0,2748.0
ind2_profile::1|2|1|0|0|2,ind1_profile::1|1|0|0|4|1,384.0,96,4580.0,384.0
ind2_profile::1|2|1|0|0|2,ind1_profile::1|0|1|0|0|0,2852.0,713,28120.0,2852.0
ind2_profile::1|2|1|0|0|2,ind1_profile::1|2|0|0|2|0,404.0,101,3800.0,404.0
ind2_profile::1|2|1|0|0|2,ind1_profile::1|2|1|0|3|2,220.0,55,1940.0,220.0
ind1_profile::1|3|1|0|0|0,ind2_profile::1|5|0|0|2|0,1493.0,366,16200.0,790.0
ind1_profile::1|3|1|0|0|0,ind2_profile::1|1|1|1|0|0,400.0,100,3980.0,200.0
ind1_profile::1|3|1|0|0|0,ind2_profile::1|1|1|0|3|0,172.0,43,2300.0,86.0
ind1_profile::1|3|1|0|0|0,ind2_profile::1|2|1|0|0|0,190.0,46,1760.0,104.0
ind1_profile::1|3|1|0|0|0,ind2_profile::1|3|1|0|1|0,7609.0,1087,52060.0,6522.0
ind1_profile::1|3|1|0|0|0,ind2_profile::1|1|1|0|0|2,176.0,22,520.0,22.0
ind1_profile::1|3|1|0|0|0,ind2_profile::1|5|1|0|2|0,75.0,15,520.0,60.0
ind1_profile::1|3|1|0|0|0,ind2_profile::1|2|0|0|2|0,135.0,27,860.0,108.0
ind1_profile::1|3|1|0|0|0,ind2_profile::1|2|0|1|0|0,155.0,31,1040.0,124.0
ind1_profile::1|3|1|0|0|0,ind2_profile::1|2|1|1|1|0,231.0,33,920.0,198.0
ind1_profile::1|3|1|0|0|0,ind2_profile::1|0|1|0|2|0,28.0,4,240.0,24.0
ind1_profile::1|3|1|0|0|0,ind2_profile::1|5|0|1|0|0,7.0,1,20.0,6.0
ind1_profile::1|0|0|0|3|0,ind2_profile::1|5|1|0|0|2,392.0,98,4380.0,294.0
ind1_profile::1|0|0|0|3|0,ind2_profile::1|2|0|1|0|0,524.0,131,4400.0,393.0
ind2_profile::1|5|1|0|0|2,ind1_profile::1|2|0|1|0|0,80.0,20,400.0,60.0
ind2_profile::1|2|0|1|0|0,ind1_profile::1|5|1|0|0|2,80.0,20,400.0,60.0
ind2_profile::1|2|0|1|0|0,ind1_profile::1|5|1|0|2|0,20.0,4,100.0,16.0
ind2_profile::1|2|0|1|0|0,ind1_profile::1|2|0|0|2|0,245.0,49,1700.0,196.0
ind2_profile::1|2|0|1|0|0,ind1_profile::1|5|0|0|2|0,40.0,8,320.0,32.0
ind2_profile::1|2|0|1|0|0,ind1_profile::1|2|1|0|0|0,45.0,9,280.0,36.0
ind2_profile::1|2|0|1|0|0,ind1_profile::1|0|1|0|0|0,532.0,266,9840.0,532.0
ind2_profile::1|2|1|0|2|2,ind1_profile::1|1|0|1|1|0,414.0,138,4820.0,0.0
ind1_profile::1|1|0|0|0|2,ind2_profile::1|2|0|1|2|0,770.0,154,5960.0,308.0
ind1_profile::1|1|0|0|0|2,ind2_profile::1|1|1|0|3|2,655.0,131,5140.0,262.0
ind1_profile::1|1|0|0|0|2,ind2_profile::1|2|0|0|3|2,170.0,34,940.0,68.0
ind1_profile::1|1|0|0|0|2,ind2_profile::1|3|1|0|1|0,110.0,22,620.0,44.0
ind2_profile::1|2|0|1|2|0,ind1_profile::1|4|1|0|0|0,125.0,125,4240.0,0.0
ind2_profile::1|2|0|1|2|0,ind1_profile::1|5|1|0|0|0,125.0,25,600.0,50.0
ind2_profile::1|2|0|1|2|0,ind1_profile::1|1|1|0|2|0,610.0,122,3860.0,244.0
ind2_profile::1|2|0|1|2|0,ind1_profile::1|1|1|0|3|2,1760.0,352,13240.0,704.0
ind2_profile::1|2|0|1|2|0,ind1_profile::1|2|0|0|3|2,345.0,69,3000.0,138.0
ind2_profile::1|2|0|1|2|0,ind1_profile::1|3|1|0|1|0,180.0,36,2100.0,72.0
ind2_profile::1|1|1|0|3|2,ind1_profile::1|1|1|0|3|2,1050.0,210,7480.0,420.0
ind2_profile::1|1|1|0|3|2,ind1_profile::1|2|0|0|3|2,1090.0,218,7480.0,436.0
ind2_profile::1|1|1|0|3|2,ind1_profile::1|3|1|0|1|0,470.0,94,3880.0,188.0
ind2_profile::1|2|0|0|3|2,ind1_profile::1|1|1|0|3|2,1090.0,218,7480.0,436.0
ind2_profile::1|2|0|0|3|2,ind1_profile::1|3|1|0|1|0,105.0,21,600.0,42.0
ind2_profile::1|3|1|0|1|0,ind1_profile::1|1|1|0|3|2,470.0,94,3880.0,188.0
ind2_profile::1|3|1|0|1|0,ind1_profile::1|2|0|0|3|2,105.0,21,600.0,42.0
ind2_profile::1|3|1|0|1|0,ind1_profile::1|2|1|1|1|0,140.0,20,620.0,120.0
ind2_profile::1|3|1|0|1|0,ind1_profile::1|0|0|0|1|0,14.0,7,280.0,7.0
ind2_profile::1|3|1|0|1|0,ind1_profile::1|2|0|0|2|0,404.0,101,3620.0,101.0
ind1_profile::1|1|1|0|0|0,ind2_profile::1|1|0|1|2|0,231.0,77,2660.0,77.0
ind1_profile::1|1|1|0|0|0,ind2_profile::1|1|1|0|0|0,18.0,6,360.0,6.0
ind2_profile::1|1|0|1|2|0,ind1_profile::1|0|1|0|0|0,126.0,42,2480.0,126.0
ind2_profile::1|1|0|1|2|0,ind1_profile::1|4|1|0|0|0,60.0,20,760.0,20.0
ind2_profile::1|1|1|0|0|0,ind1_profile::1|1|0|1|2|0,231.0,77,2660.0,77.0
ind2_profile::1|1|1|0|0|0,ind1_profile::1|4|1|0|0|0,12.0,4,120.0,4.0
ind1_profile::1|5|1|0|0|0,ind2_profile::1|0|1|0|2|0,392.0,56,2100.0,336.0
ind1_profile::1|5|1|0|0|0,ind2_profile::1|5|0|1|0|0,441.0,63,1860.0,378.0
ind1_profile::1|0|1|0|0|0,ind2_profile::1|2|1|0|3|2,57.0,19,1020.0,57.0
ind1_profile::1|0|1|0|0|0,ind2_profile::1|1|1|0|0|2,120.0,15,660.0,15.0
ind1_profile::1|0|1|0|0|0,ind2_profile::1|1|0|0|4|1,368.0,92,4300.0,368.0
ind1_profile::1|1|1|0|3|2,ind2_profile::1|1|0|0|0|2,655.0,131,5140.0,262.0
ind1_profile::1|5|1|0|0|2,ind2_profile::1|0|0|0|3|0,392.0,98,4380.0,294.0
ind1_profile::1|1|0|1|1|0,ind2_profile::1|1|1|0|0|2,64.0,8,260.0,8.0
ind1_profile::1|2|0|0|3|2,ind2_profile::1|1|0|0|0|2,170.0,34,940.0,68.0
ind1_profile::1|3|1|0|1|0,ind2_profile::1|2|0|0|2|0,404.0,101,3620.0,101.0
ind1_profile::1|3|1|0|1|0,ind2_profile::1|1|0|0|0|2,110.0,22,620.0,44.0
ind1_profile::1|3|1|0|1|0,ind2_profile::1|2|1|1|1|0,140.0,20,620.0,120.0
ind1_profile::1|3|1|0|1|0,ind2_profile::1|0|0|0|1|0,14.0,7,280.0,7.0
ind1_profile::1|5|1|0|2|0,ind2_profile::1|2|0|0|2|0,50.0,10,400.0,40.0
ind1_profile::1|5|1|0|2|0,ind2_profile::1|5|0|0|2|0,115.0,23,1020.0,92.0
ind1_profile::1|5|1|0|2|0,ind2_profile::1|2|1|0|0|0,10.0,2,120.0,8.0
ind2_profile::1|2|0|0|2|0,ind1_profile::1|5|1|1|3|0,104.0,52,1640.0,52.0
ind2_profile::1|2|0|0|2|0,ind1_profile::1|5|0|1|2|0,60.0,15,420.0,60.0
ind2_profile::1|2|0|0|2|0,ind1_profile::1|3|1|0|3|0,1568.0,392,18480.0,1568.0
ind2_profile::1|2|0|0|2|0,ind1_profile::1|2|1|0|0|2,404.0,101,3800.0,404.0
ind2_profile::1|2|0|0|2|0,ind1_profile::1|2|1|0|3|2,344.0,92,2660.0,257.0
ind2_profile::1|2|0|0|2|0,ind1_profile::1|2|0|0|2|0,8.0,2,40.0,6.0
ind2_profile::1|2|0|0|2|0,ind1_profile::1|5|0|0|2|0,25.0,5,160.0,20.0
ind2_profile::1|2|0|0|2|0,ind1_profile::1|2|1|0|0|0,30.0,6,120.0,24.0
ind2_profile::1|2|0|0|2|0,ind1_profile::1|2|0|1|0|0,245.0,49,1700.0,196.0
ind2_profile::1|5|0|0|2|0,ind1_profile::1|2|0|0|2|0,25.0,5,160.0,20.0
ind2_profile::1|5|0|0|2|0,ind1_profile::1|2|1|0|0|0,247.0,59,2760.0,140.0
ind2_profile::1|5|0|0|2|0,ind1_profile::1|2|0|1|0|0,40.0,8,320.0,32.0
ind2_profile::1|5|0|0|2|0,ind1_profile::1|1|1|1|0|0,232.0,58,2720.0,116.0
ind2_profile::1|5|0|0|2|0,ind1_profile::1|1|1|0|3|0,128.0,32,1380.0,64.0
ind2_profile::1|2|1|0|0|0,ind1_profile::1|2|0|0|2|0,30.0,6,120.0,24.0
ind2_profile::1|2|1|0|0|0,ind1_profile::1|5|0|0|2|0,247.0,59,2760.0,140.0
ind2_profile::1|2|1|0|0|0,ind1_profile::1|1|1|1|0|0,168.0,42,1580.0,84.0
ind2_profile::1|2|1|0|0|0,ind1_profile::1|1|1|0|3|0,260.0,65,3560.0,130.0
ind2_profile::1|2|1|0|0|0,ind1_profile::1|2|0|1|0|0,45.0,9,280.0,36.0
ind1_profile::1|2|0|0|2|0,ind2_profile::1|2|1|0|3|2,344.0,92,2660.0,257.0
ind1_profile::1|2|0|0|2|0,ind2_profile::1|5|1|0|2|0,50.0,10,400.0,40.0
ind1_profile::1|2|0|0|2|0,ind2_profile::1|5|1|1|3|0,104.0,52,1640.0,52.0
ind1_profile::1|2|0|0|2|0,ind2_profile::1|5|0|1|2|0,60.0,15,420.0,60.0
ind1_profile::1|2|0|0|2|0,ind2_profile::1|3|1|0|3|0,1568.0,392,18480.0,1568.0
ind1_profile::1|5|0|0|2|0,ind2_profile::1|1|1|1|0|0,232.0,58,2720.0,116.0
ind1_profile::1|5|0|0|2|0,ind2_profile::1|1|1|0|3|0,128.0,32,1380.0,64.0
ind1_profile::1|5|0|0|2|0,ind2_profile::1|5|1|0|2|0,115.0,23,1020.0,92.0
ind1_profile::1|2|1|0|0|0,ind2_profile::1|5|1|0|2|0,10.0,2,120.0,8.0
ind1_profile::1|2|1|0|0|0,ind2_profile::1|1|1|1|0|0,168.0,42,1580.0,84.0
ind1_profile::1|2|1|0|0|0,ind2_profile::1|1|1|0|3|0,260.0,65,3560.0,130.0
ind1_profile::1|2|0|1|0|0,ind2_profile::1|0|0|0|3|0,524.0,131,4400.0,393.0
ind1_profile::1|2|0|1|0|0,ind2_profile::1|5|1|0|2|0,20.0,4,100.0,16.0
ind1_profile::1|2|0|1|0|0,ind2_profile::1|1|1|0|0|2,42.0,14,700.0,28.0
ind1_profile::1|3|0|0|1|0,ind2_profile::1|5|0|0|0|0,1015.0,203,7260.0,1015.0
ind2_profile::1|2|1|0|3|2,ind1_profile::1|5|0|1|2|0,16.0,4,100.0,16.0
ind2_profile::1|2|1|0|3|2,ind1_profile::1|3|1|0|3|0,452.0,113,4380.0,452.0
ind2_profile::1|2|1|0|3|2,ind1_profile::1|2|1|0|0|2,220.0,55,1940.0,220.0
ind1_profile::1|5|0|0|0|0,ind2_profile::1|3|0|0|1|0,1015.0,203,7260.0,1015.0
ind2_profile::1|5|0|1|0|0,ind1_profile::1|0|1|0|2|0,7.0,1,20.0,6.0
ind2_profile::1|1|1|1|0|0,ind1_profile::1|1|1|0|3|0,112.0,28,1080.0,56.0
ind2_profile::1|1|1|0|3|0,ind1_profile::1|1|1|1|0|0,112.0,28,1080.0,56.0
ind1_profile::1|5|0|1|2|0,ind2_profile::1|3|1|0|3|0,252.0,63,2680.0,252.0
ind2_profile::1|3|1|0|3|0,ind1_profile::1|2|1|0|0|2,2748.0,687,32440.0,2748.0
ind2_profile::1|3|1|0|3|0,ind1_profile::1|2|1|0|3|2,452.0,113,4380.0,452.0
ind1_profile::1|3|1|0|3|0,ind2_profile::1|5|0|1|2|0,252.0,63,2680.0,252.0
ind1_profile::1|2|1|0|0|2,ind2_profile::1|1|1|1|0|2,1035.0,345,19160.0,0.0
ind1_profile::1|2|1|0|0|2,ind2_profile::1|5|0|1|2|0,56.0,14,360.0,56.0
ind1_profile::1|2|1|0|0|2,ind2_profile::1|1|0|0|4|1,384.0,96,4580.0,384.0
ind1_profile::1|2|1|0|3|2,ind2_profile::1|5|0|1|2|0,16.0,4,100.0,16.0
ind1_profile::1|5|0|1|0|0,ind2_profile::1|0|1|0|2|0,7.0,1,20.0,6.0
ind2_profile::0|2|0|1|4|1,ind1_profile::0|4|1|0|4|0,642.0,214,7160.0,0.0
ind2_profile::0|2|0|0|1|2,ind1_profile::0|1|0|0|1|2,156.0,52,1660.0,156.0
